2,316
3,849
-1,784
-2,948
-1,509
3,070
-2,446
3,233
1,605
3,184
-0,089
1,065
-2,887
0,157
0,602
-5,836
-5,100
2,331
-2,275
2,867
-0,544
1,717
1,576
-1,211
0,836
0,857
-0,521
1,689
-3,174
-1,340
0,103
0,375
-5,349
-0,698
-1,824
-3,765
4,988
-1,256
0,128
2,758
3,597
3,046
0,573
-3,841
-0,421
-2,102
1,305
0,987
1,608
1,444
-1,438
0,204
-0,924
2,460
-1,276
-3,393
0,536
-1,626
-1,965
0,772
-1,592
0,023
1,252
-0,250
1,791
2,973
-0,138
2,612
-0,907
0,307
-2,471
-0,211
-0,762
-1,313
2,920
-0,524
-2,257
-2,121
-0,145
3,306
-0,600
1,255
0,963
0,028
2,592
0,223
1,409
-2,394
0,424
-1,827
5,126
-0,577
-3,595
-0,759
0,836
4,909
2,741
-0,110
1,755
0,517
-1,537
0,764
-0,687
-2,428
-4,532
-0,101
-0,869
-4,108
-2,018
-1,163
0,631
3,403
1,983
-1,083
1,471
2,111
2,107
5,947
3,405
-0,183
-0,897
1,356
-2,849
0,949
-1,268
-2,413
1,357
-0,752
-6,148
-1,295
2,398
-0,166
1,346
0,239
3,784
-0,116
-1,221
1,373
-3,297
0,973
6,859
3,125
-0,242
-0,425
4,880
3,123
-1,578
1,815
0,278
0,566
-1,525
-0,584
-1,497
-2,765
0,714
3,264
-0,981
2,270
-0,965
-2,581
2,348
1,150
0,011
1,293
-1,870
0,216
3,046
-1,074
1,761
-1,843
-1,704
-2,510
-1,177
-0,229
-1,633
0,533
1,756
-3,749
2,339
0,267
-1,529
0,296
2,856
0,398
0,273
0,641
-3,756
-0,338
-2,509
2,750
0,628
1,809
1,850
-0,550
0,739
-0,010
3,135
-0,104
3,012
0,512
-0,395
0,919
2,859
-2,562
-1,666
-0,278
4,663
-1,277
-2,623
5,502
4,338
-0,739
-1,307
1,319
1,453
-3,255
0,954
5,005
-1,646
0,792
-0,610
0,332
-2,674
-0,602
-1,018
-2,161
1,465
0,764
-0,703
-1,177
2,463
2,498
1,134
-0,087
4,463
-0,259
4,947
1,922
-5,746
-1,286
1,472
-1,960
0,243
-1,189
-1,875
2,494
-1,928
2,351
-0,609
-0,303
2,005
2,456
-0,011
4,203
-1,407
2,640
-1,301
-1,821
2,968
0,132
2,590
0,317
3,499
1,768
-0,236
-3,755
2,531
-0,044
-2,170
1,103
0,366
-2,114
2,974
-0,380
2,644
1,946
-2,584
0,027
0,703
1,426
-1,830
-0,191
1,583
1,276
-0,670
-1,363
-1,105
0,376
-3,104
1,180
0,689
2,247
-0,837
-0,360
0,427
0,898
-6,189
1,569
0,361
-1,594
2,109
4,527
-2,503
0,643
1,775
4,378
-0,959
3,901
0,017
-0,783
-0,523
-0,060
1,018
-1,663
-0,160
-2,835
-1,599
2,807
0,507
-1,837
2,484
-0,615
0,064
-3,179
-3,227
-1,805
-2,364
1,236
-0,295
-1,573
-1,410
0,796
3,090
2,757
-2,670
0,866
0,877
-1,505
0,912
0,489
0,875
-0,340
0,979
-1,831
-0,398
3,187
0,365
-4,942
2,704
1,541
-0,085
-1,464
2,342
0,464
1,070
0,373
-0,313
-2,624
-4,932
-0,212
0,328
-0,992
3,579
-2,804
0,180
-1,835
-1,594
1,647
-0,576
-0,888
-1,881
-0,979
-3,718
-2,192
1,608
-0,166
0,880
-0,350
0,617
0,375
-1,223
0,296
0,628
-0,678
-0,179
1,199
-1,066
-1,066
2,778
1,252
-2,924
0,090
-1,790
-0,241
0,765
-1,416
-3,269
2,196
-2,776
1,844
0,842
-2,349
-3,641
0,911
5,609
-3,025
1,547
-0,949
-2,324
-2,660
-1,664
-3,164
-0,485
0,718
0,316
-1,345
1,135
-0,586
-2,435
4,871
0,695
2,506
0,796
-3,743
0,901
-2,584
-0,882
1,633
-3,547
0,591
2,463
-1,386
-1,711
3,496
-0,165
0,689
-2,380
-5,973
-0,716
1,301
1,314
1,944
0,529
3,847
-0,655
-2,302
0,461
-0,116
-0,504
-0,732
-1,033
-0,516
-1,909
1,242
-3,879
-1,376
-0,619
2,421
0,257
2,982
3,362
2,342
-2,854
-2,465
1,464
-0,628
4,257
0,781
0,844
1,105
1,545
1,541
1,540
1,670
-0,568
1,230
2,141
-3,134
-0,389
0,766
0,573
-1,247
1,713
0,419
2,951
4,306
5,445
-4,292
1,313
0,634
1,070
-2,526
-1,263
0,795
-1,178
2,040
1,218
-2,690
-0,202
-3,637
-2,780
2,866
0,659
-1,773
0,170
3,783
-1,428
0,287
-0,038
-0,721
-3,055
1,523
1,738
2,501
-6,876
2,511
-4,945
-0,348
-0,705
1,357
3,019
0,106
-2,717
3,915
0,905
-0,310
3,923
0,351
2,143
2,943
-1,585
-1,894
3,632
-0,841
2,123
0,113
-1,700
-2,684
0,164
-2,631
3,497
0,410
-0,643
0,279
-5,127
-3,110
0,085
-0,230
4,234
0,051
-0,435
-0,448
2,920
3,133
-2,473
0,536
-2,374
-0,989
1,797
-1,601
7,273
0,320
-2,809
-0,722
3,422
-0,520
0,044
1,154
2,506
0,997
-3,459
-1,566
4,622
-2,201
-2,479
2,010
3,610
0,666
2,989
-0,306
-2,173
0,420
-0,398
-1,654
-1,905
4,117
1,356
-0,460
-1,057
0,535
1,570
-1,277
-2,607
-2,766
-2,667
0,298
1,367
-1,051
-2,316
-0,742
-3,194
0,589
2,028
-5,469
-1,006
-2,556
0,089
-3,321
2,214
-1,866
0,296
1,582
0,090
0,459
-2,848
0,152
-4,193
0,551
0,608
-0,339
-0,452
-1,558
4,742
-0,893
-0,370
-0,516
0,987
0,121
1,577
0,226
-5,726
1,047
1,521
-0,254
-3,585
0,336
1,783
-1,024
2,442
-2,634
-1,705
-1,017
1,926
-1,496
1,357
-1,235
0,308
-0,694
-0,792
7,640
-2,066
-0,506
-0,317
3,247
2,877
4,546
-0,991
2,174
0,608
0,772
4,766
-1,890
-2,212
1,562
2,628
1,644
1,775
0,994
0,357
-2,223
-0,097
-0,136
-1,123
2,717
0,366
0,170
-3,841
-1,660
0,793
-0,478
-3,497
-0,154
-2,176
-0,389
-0,532
-0,204
0,697
0,090
0,571
1,841
-2,587
1,259
0,229
-1,056
-2,210
0,022
-0,796
2,485
1,893
6,341
2,013
1,435
0,050
-1,534
1,475
-4,968
-1,282
3,366
2,236
0,866
1,759
-0,871
-0,560
0,482
-1,153
-4,971
-0,006
-1,089
0,294
-0,233
2,329
3,295
2,701
-4,750
1,463
0,217
-1,714
-3,733
0,317
1,897
-3,383
-2,110
-3,522
-2,082
1,160
-3,136
4,312
-0,208
0,069
-3,298
0,171
-0,661
-4,939
-0,311
-3,566
0,490
0,730
1,204
-3,705
1,842
-2,549
-0,201
-3,816
-2,701
-0,177
4,487
-2,892
-0,397
-0,910
-2,914
-2,471
1,890
-3,298
-1,912
0,137
0,284
-1,027
0,003
-5,409
0,368
1,515
2,137
-0,792
-1,857
1,931
0,358
0,065
-3,256
-1,993
-4,464
2,570
-1,251
3,029
1,962
3,213
1,061
1,918
-0,898
-1,196
-1,293
-0,419
-0,172
0,711
2,249
-3,714
-2,277
0,182
0,971
-4,047
-1,241
2,622
1,422
-3,335
-1,631
2,038
1,489
-3,274
-3,326
0,466
0,180
-5,338
-3,206
-5,551
1,029
-2,318
-2,187
4,237
-2,117
1,772
0,518
-1,807
0,012
-2,605
0,409
1,449
0,461
-3,369
1,823
-1,294
-3,255
-1,016
-4,129
-1,026
-0,285
3,112
-0,882
2,882
-1,900
-3,588
0,105
2,276
-2,910
2,390
-0,580
-0,057
-1,038
-1,095
-0,009
-0,088
-0,537
2,407
3,220
-1,054
0,251
0,543
0,631
1,471
-1,991
-1,404
-0,990
-5,747
1,233
-0,358
1,440
0,177
1,145
-2,537
-3,143
5,000
2,939
-3,675
2,070
0,131
-0,357
3,053
-1,390
1,466
0,829
1,985
-1,420
1,016
-3,113
1,721
4,641
0,511
-0,993
-3,020
-3,453
-0,707
0,164
-1,279
-1,523
1,845
-0,305
-2,310
-2,633
3,404
0,864
-1,219
-2,658
-2,019
0,489
-4,783
-4,438
-4,571
-3,043
1,638
-1,526
-0,352
0,434
2,722
-3,715
2,820
-2,112
2,181
0,205
-0,387
0,025
2,475
-1,998
-0,588
3,156
-2,536
0,196
0,901
-0,854
-1,452
-1,614
0,226
0,224
-2,481
-2,102
-5,152
-1,953
-0,924
1,906
0,285
-0,989
0,534
-1,082
4,880
-0,482
-1,194
-2,383
4,068
-0,073
-0,500
2,696
-3,580
0,176
0,664
3,148
2,929
2,595
2,852
3,612
2,166
-1,391
-0,228
2,771
0,924
1,098
2,851
2,609
3,123
2,504
1,205
3,949
-1,912
-1,970
2,446
-1,621
1,999
-0,292
1,395
0,647
-0,911
-2,016
-4,612
-0,802
-1,046
-0,560
1,596
-0,650
-0,042
-4,540
3,081
1,634
1,510
-0,375
4,933
0,131
0,127
-3,378
-0,154
-0,802
2,568
-0,176
0,357
0,260
0,759
-2,455
-1,584
-1,220
-1,165
1,691
-3,633
1,556
3,992
-0,424
3,530
-0,556
-1,293
1,182
-2,394
2,261
0,435
-0,231
-0,059
1,966
-2,945
-0,758
-2,313
2,982
-0,931
1,924
-0,128
-1,285
-5,093
1,114
-1,284
0,420
1,686
2,758
2,070
2,259
-1,885
-0,565
-6,093
3,864
-0,205
-2,720
-3,338
-1,741
3,421
0,723
0,294
0,363
-2,099
0,989
-0,570
2,369
1,567
0,976
0,676
0,353
2,863
1,257
-2,661
2,026
2,537
-2,600
-1,628
0,436
-1,458
0,877
1,245
-2,391
-0,991
-3,217
1,815
-3,041
2,449
1,236
-0,909
-1,683
2,165
0,232
-3,671
-0,827
1,032
-0,058
1,031
-0,617
-0,388
-2,713
0,939
0,535
0,233
-0,383
-0,847
-1,418
-1,567
-0,442
0,037
4,826
-0,379
1,284
-2,962
-2,221
-1,401
2,129
-0,941
-1,805
-0,643
-2,052
2,128
1,297
-0,722
0,550
-1,156
-0,367
0,364
-0,822
0,778
2,128
-1,172
4,436
1,658
-0,702
0,059
2,578
-1,670
-0,892
-1,812
2,186
1,942
-4,245
0,282
0,415
-4,255
-1,852
-1,814
1,777
1,055
-0,445
3,451
-2,206
-1,567
-0,771
0,257
0,619
-2,981
-1,269
1,004
-0,707
0,996
1,569
5,057
-0,249
-1,089
-1,491
-3,511
2,140
0,855
-1,185
0,823
-3,131
1,136
1,002
0,114
-2,249
3,213
-3,140
2,567
0,792
-0,603
2,630
-0,794
-0,440
0,673
0,371
0,412
0,376
-0,065
2,463
-2,317
3,003
-1,105
0,524
-1,741
1,561
0,953
0,778
-1,975
-4,724
-0,745
3,237
-2,860
1,262
-0,879
-1,578
1,119
-0,876
1,057
-1,721
-1,549
0,435
-0,872
2,872
0,676
0,761
-1,576
0,522
2,787
-1,644
1,820
-3,766
-3,212
0,150
-0,726
3,428
-2,771
-3,028
-1,190
-0,809
3,462
1,988
-1,954
-4,958
-2,471
3,391
2,955
2,261
2,563
1,665
-1,077
-0,784
0,634
2,939
0,591
2,410
4,904
-1,841
3,326
-3,759
-1,771
1,747
1,635
3,254
1,475
-1,034
-3,472
0,819
1,168
0,087
4,265
-1,252
-1,594
1,876
2,914
3,685
-0,595
1,141
5,057
1,817
2,610
0,937
-1,353
0,182
4,183
0,664
3,308
-0,735
0,503
-1,491
-3,406
2,163
2,862
0,620
-3,371
0,492
-4,279
-3,364
-0,832
-4,167
1,363
-1,579
-4,552
0,315
-1,720
1,789
0,622
-1,202
-1,968
0,849
-1,692
-4,201
1,978
3,208
-1,754
-0,493
-1,564
-2,415
2,687
5,575
2,432
-0,118
0,898
1,908
2,976
-3,159
-3,489
1,480
-1,770
-0,634
-2,171
-1,137
3,556
-1,585
2,403
-2,424
0,493
-1,578
-0,820
-1,123
4,796
-1,080
6,470
-0,275
0,224
-1,303
3,834
0,210
2,934
1,931
1,307
-0,613
0,305
1,450
-1,708
3,139
-4,195
1,479
2,439
1,427
3,464
-0,432
-0,956
-5,065
-2,247
-2,444
2,604
1,317
2,798
-0,407
-3,552
3,309
-0,043
4,243
0,640
-0,065
0,958
-0,664
-2,254
-0,609
2,706
-1,371
1,326
0,825
1,043
-5,377
-0,709
0,138
2,386
-3,735
-2,298
0,701
-2,682
2,317
3,304
1,035
1,592
-2,149
0,086
-4,489
-1,759
3,878
1,518
-3,443
-1,644
-0,554
1,545
-0,297
-1,785
-3,854
0,969
1,251
0,092
0,303
1,039
-2,019
1,648
4,900
3,199
-4,159
0,507
-1,002
1,115
0,717
-2,219
-4,536
0,669
-0,428
1,817
0,422
-3,355
4,370
-1,082
-0,862
0,023
1,369
1,146
0,880
-1,600
2,909
-1,165
1,533
-2,943
0,029
0,263
2,723
0,025
-3,072
1,619
1,300
-0,733
2,759
1,413
-0,237
0,658
-0,485
-3,472
0,389
-0,956
-0,367
-2,771
-0,906
-1,029
-1,050
1,939
-1,142
-1,471
-1,070
-1,356
-1,519
2,996
-2,909
2,058
-1,517
0,601
4,361
0,557
0,999
3,066
3,532
-1,675
-0,276
-1,236
1,946
1,480
3,194
-4,737
-3,008
-0,698
1,751
2,658
0,711
1,292
2,874
0,888
-1,477
1,998
-2,011
0,763
-2,856
-0,584
0,203
-0,819
0,860
-1,666
1,258
0,190
2,194
2,975
-5,107
2,252
2,718
-1,548
-0,746
-1,527
-0,748
-0,231
-1,049
-1,737
-3,408
-1,370
-0,860
-5,782
6,630
-2,226
-2,440
0,368
0,719
0,237
1,885
2,100
3,192
0,933
0,496
2,011
-0,331
-0,515
-0,131
-0,429
-2,022
-1,395
-5,705
1,060
3,524
-2,887
-3,559
-1,811
-4,967
-2,975
0,174
-1,707
-0,618
-0,885
-1,797
-0,370
-1,734
-2,060
-2,477
-1,071
1,591
0,961
-0,244
-3,691
-3,470
-1,475
-0,387
4,035
0,086
-3,058
-0,161
-0,310
-1,219
-2,050
-1,820
1,766
0,622
-1,301
2,579
-1,265
0,146
-2,762
2,164
-1,362
-0,584
2,099
1,593
-2,685
2,142
1,160
3,459
1,398
-2,892
0,105
-0,546
1,545
2,392
4,998
-1,657
-0,984
-2,316
1,678
2,238
1,944
-1,093
0,854
3,368
-1,133
3,467
1,571
-2,002
1,449
1,744
-1,832
0,672
1,792
4,943
-1,854
-2,374
-2,119
-2,037
-1,459
-1,142
1,612
-3,565
-0,421
-0,184
-0,669
0,871
3,545
3,030
-1,218
0,640
0,418
-1,015
-0,612
1,740
-5,406
0,882
-1,186
2,755
-0,728
1,365
-0,494
1,325
-0,686
3,000
-2,838
-2,233
-0,578
1,762
-0,322
3,237
-0,814
-0,298
1,669
2,952
1,083
-2,440
-0,436
-0,451
-0,628
0,959
0,296
-0,941
1,361
0,112
2,365
-0,061
-0,758
0,164
1,027
-0,971
0,056
-2,477
-4,176
0,999
3,010
4,667
0,291
-2,283
2,613
0,367
1,296
0,687
-2,487
0,192
0,854
0,575
1,800
2,702
1,788
3,339
-1,117
7,883
-1,145
-1,523
-2,037
3,704
-0,404
-2,717
2,367
-0,783
-0,198
-1,310
-0,493
-1,848
0,050
1,637
-1,009
0,572
5,544
1,872
-3,839
-1,050
1,415
-5,536
0,048
0,961
1,736
0,281
0,062
-0,459
-3,739
-0,147
0,610
1,145
0,027
4,713
2,719
-0,225
-1,736
4,640
-0,509
-2,983
-0,277
5,946
0,318
-0,567
1,090
-0,423
2,071
6,109
-1,942
0,043
-1,552
-2,226
0,793
5,369
1,370
1,945
3,297
2,423
1,114
4,419
2,230
0,594
1,273
-1,275
-1,376
-0,107
0,835
1,044
0,825
-3,036
-0,405
1,080
-0,011
0,844
-0,502
-1,737
-0,134
2,237
-1,902
0,984
-0,107
-2,468
-2,866
0,225
-1,757
0,450
1,217
-1,383
0,282
-0,826
-3,547
-1,583
0,885
0,950
-3,177
2,236
-1,540
1,905
-1,059
-0,223
-0,527
-1,246
0,675
3,273
4,137
-2,729
2,509
1,899
-1,922
-0,440
-1,550
-1,365
1,530
1,258
-0,261
0,844
-0,060
-0,392
1,009
-3,336
2,166
-0,484
-2,255
2,690
-0,867
-1,679
-0,010
-1,287
0,650
0,675
-0,049
-0,842
-0,510
0,118
-3,756
-3,825
3,433
4,022
0,627
-1,980
2,336
-3,181
-1,008
-1,628
-0,315
1,388
-1,261
0,208
-1,321
-0,285
1,425
-1,952
2,913
0,930
-1,127
-2,062
0,471
-5,089
0,515
0,112
1,331
-4,669
-3,882
-2,373
-3,443
2,620
-0,054
-1,464
1,335
-1,006
-1,211
1,563
-0,404
3,465
-2,440
2,431
2,404
0,649
-0,655
0,293
2,527
3,081
-2,454
1,406
-1,571
-2,484
-2,262
-2,852
1,444
-3,039
-0,106
-0,667
-2,004
-0,957
-0,451
6,566
0,513
-1,755
-0,230
4,159
0,419
-1,919
-4,510
0,940
0,866
3,244
-4,046
3,022
-0,344
0,049
0,636
-1,875
0,242
-1,580
0,606
1,815
1,397
1,910
1,190
0,141
0,000
-1,509
-2,381
-1,308
0,044
-1,565
0,287
1,055
-0,724
-0,914
-2,081
-0,623
2,689
0,479
-0,268
1,701
-2,462
-0,163
-1,907
0,069
-0,941
1,543
-0,082
-4,424
-1,189
-1,633
-0,123
-2,614
-1,551
-3,429
1,569
-1,553
-2,479
0,170
-1,111
-0,153
1,415
-0,365
0,081
1,968
2,297
-0,971
-2,154
-3,195
0,099
-3,185
0,248
1,240
2,386
0,019
-0,009
3,017
3,045
-0,925
1,121
0,719
-1,207
-2,373
-2,195
1,053
-0,076
0,400
-2,831
0,257
4,450
-1,823
-1,034
2,665
-2,215
-1,108
1,828
1,565
-1,291
1,833
-1,334
4,806
-1,157
0,933
1,363
-0,269
0,434
-1,025
2,469
1,103
3,143
0,903
-2,033
0,600
-1,589
-3,239
-3,373
-1,870
6,368
-1,719
0,911
-2,090
-0,398
3,678
-2,414
1,070
0,776
1,327
0,478
0,310
-1,675
-4,293
-0,887
-4,603
3,007
-0,357
2,582
3,153
3,040
1,487
3,507
1,042
0,013
1,059
3,606
3,092
-0,371
-0,785
0,107
0,712
-0,514
-3,794
0,472
-1,755
-5,546
4,450
-1,432
-0,328
-0,098
-1,715
-3,549
0,587
1,537
1,502
3,999
0,994
1,249
-4,558
-1,586
-1,221
-1,729
-2,861
0,305
0,557
2,081
-0,785
1,464
-0,797
2,238
2,493
-0,307
0,361
2,656
-5,149
-0,671
1,730
0,998
-5,357
-0,965
-1,236
1,158
0,757
4,630
3,824
-1,654
-3,492
2,876
-0,881
-1,800
-0,016
-0,994
2,174
1,520
0,310
0,370
3,860
-1,476
5,751
-1,281
1,510
-2,895
-1,512
2,386
-1,687
-1,775
0,728
3,047
-0,229
-1,221
-3,271
2,768
-0,479
-0,398
-0,432
-1,695
-0,449
0,573
1,952
0,377
-0,727
-2,796
4,443
-0,857
3,107
-4,753
0,339
-3,610
3,062
0,342
0,536
1,007
-3,749
3,772
3,986
0,923
2,028
0,113
1,236
-1,168
-2,115
-2,426
-0,005
0,569
-0,410
-4,183
-0,250
-0,506
2,517
1,067
0,947
1,319
6,085
0,346
-1,237
1,580
0,082
-0,174
-2,043
3,572
-3,650
-0,525
-1,160
2,051
-1,891
-1,638
1,412
0,579
-3,407
2,795
0,884
0,956
-0,328
3,203
-0,631
1,081
-1,879
-0,956
-4,925
3,290
-0,946
-1,203
-3,232
2,020
-0,886
0,229
-1,377
-1,760
-4,061
2,671
4,394
4,546
0,309
0,717
5,090
-4,038
-0,367
0,515
0,814
0,223
-1,564
-2,934
1,121
-0,110
-1,458
4,661
4,919
1,374
3,995
-4,668
1,512
0,519
-1,004
-1,717
-0,594
-2,151
-2,166
-1,554
0,363
1,747
-0,869
1,364
-0,418
-1,860
-1,182
-2,197
3,548
0,054
3,063
1,812
-1,247
0,922
0,715
0,892
0,480
1,791
0,269
-1,244
-1,089
-0,986
-1,444
0,277
2,092
-3,647
-1,027
2,174
0,840
-1,184
1,377
0,497
2,838
3,269
-1,002
2,596
-1,156
-2,841
-1,574
3,779
-2,808
-2,180
-1,139
-2,810
-0,304
2,339
1,577
0,573
-1,201
0,739
5,713
-0,166
2,984
-0,494
0,409
3,556
2,054
-1,716
0,117
3,392
-2,499
-1,799
-2,178
-1,401
-0,755
2,499
2,492
-0,627
1,906
-2,128
0,703
-5,463
0,132
5,264
1,856
0,153
2,007
1,307
-1,472
0,706
-0,955
5,116
-2,426
-1,676
0,380
-2,978
-1,646
-0,580
-1,022
-2,075
0,623
3,555
0,520
6,663
3,448
-1,597
2,316
-2,785
-0,004
0,331
-0,036
-2,411
0,598
-1,170
-5,168
-0,731
1,740
-0,052
1,230
-4,090
1,322
3,351
-1,967
-2,778
0,618
-1,009
0,236
1,122
4,844
-3,335
-0,241
0,468
2,993
1,557
4,593
-1,312
-0,100
0,362
-3,229
-5,972
4,591
-1,405
-1,386
-1,017
2,957
0,820
0,923
-4,660
1,253
-3,110
-1,161
-3,906
-0,878
-3,346
0,223
-0,179
-1,782
0,717
-3,980
1,784
-0,833
-0,637
2,548
3,627
4,927
1,969
-1,916
-3,499
3,219
0,254
-3,508
1,214
-0,978
2,344
2,218
-2,770
3,261
0,695
0,604
0,017
-3,382
-3,796
3,769
0,979
1,836
-0,695
-0,264
-0,243
-0,201
-3,376
-2,217
-0,563
-1,894
0,087
1,916
-0,078
0,257
-0,609
-1,187
2,767
-3,274
2,040
-0,654
-0,622
0,950
-0,816
0,993
2,780
1,679
-1,591
1,646
-3,973
-1,131
0,414
0,398
1,888
-2,144
-0,321
-2,762
-0,105
-3,508
3,102
0,071
0,556
0,075
0,630
0,497
3,126
2,464
-1,280
0,797
2,544
0,697
-1,079
0,413
-3,302
6,740
0,891
-2,910
1,722
0,182
-1,091
1,707
-1,664
2,806
-3,528
1,919
-2,335
-0,229
-1,260
-4,093
-4,500
-0,661
0,360
-0,603
0,228
-1,456
-4,465
-0,097
-1,624
-1,820
-4,475
-2,776
2,420
0,994
-0,103
0,659
0,481
1,839
-0,413
-2,579
-1,054
1,146
2,763
-0,383
0,655
1,548
-0,241
-1,006
1,585
1,176
1,343
0,122
0,754
-3,935
1,914
-0,052
-2,456
2,523
-0,767
-1,036
1,268
-3,138
1,406
-1,612
0,072
-0,024
0,028
-1,089
2,839
-1,414
1,006
-0,753
-1,421
3,200
5,512
-0,737
-2,076
0,758
0,293
6,206
0,989
0,908
-0,550
0,471
-1,324
-2,490
-1,154
-2,397
-4,346
-2,861
4,281
0,026
0,257
-1,482
0,276
-1,377
-0,593
2,348
0,026
2,800
0,294
1,157
0,009
1,201
2,264
2,720
1,172
-2,527
-1,859
-0,172
1,374
-1,795
-0,003
3,174
-0,574
0,477
0,556
-0,329
-2,820
0,807
-0,502
-2,216
-0,639
-1,151
2,181
-0,859
-0,832
2,832
-1,609
-2,704
0,831
2,286
3,888
-3,487
3,583
-3,435
2,675
0,306
1,651
-4,363
0,771
-1,962
-0,284
-0,482
3,764
-4,127
3,855
-1,552
1,874
-1,687
-0,517
0,566
4,456
-0,550
-4,977
0,275
0,195
-0,181
0,449
-2,418
3,568
-0,605
-0,787
0,141
-2,764
0,800
-0,864
1,112
-0,165
1,329
-0,039
0,740
-0,377
-3,916
1,495
4,664
0,179
-0,120
2,119
0,702
-2,236
-0,959
2,250
-3,483
-1,971
1,469
1,147
-3,644
-0,397
0,276
1,721
-3,143
4,971
1,056
2,369
-1,110
-0,883
2,934
0,315
-0,067
1,939
3,365
-4,166
2,196
1,166
1,654
-2,971
2,692
-0,492
-5,176
-0,610
-0,323
2,048
-0,492
2,368
1,247
0,510
2,470
-0,871
-2,315
-0,089
-2,434
-0,885
0,108
0,824
-1,660
3,015
0,702
-0,604
-2,510
-3,364
-1,658
-1,490
2,417
-3,718
-0,468
-3,638
-1,744
2,387
-2,150
0,184
-0,288
-2,220
-3,919
4,122
1,160
2,220
-1,314
1,679
-1,195
1,577
0,299
-1,349
3,360
2,748
-4,944
3,955
0,222
1,389
0,258
-5,961
-0,657
0,094
-1,654
-4,284
-0,924
0,283
0,319
0,533
4,611
-3,292
1,898
-4,496
-2,075
2,882
3,761
1,234
-0,213
1,709
2,854
4,079
0,217
2,539
-2,183
0,811
1,794
3,341
-2,410
2,621
1,085
2,957
1,906
-4,942
1,841
0,507
0,555
1,570
-4,649
-1,104
-0,408
1,258
0,711
-2,694
-4,590
1,854
-2,231
-3,201
2,212
0,506
-0,110
1,523
2,124
-1,904
-2,114
2,727
-6,129
2,575
-0,785
-1,614
1,195
-2,454
2,528
-0,173
-1,089
6,128
2,242
0,970
-3,155
-1,144
-0,304
-2,062
1,665
3,504
0,957
-2,615
-6,222
1,008
1,037
1,889
-3,453
1,803
-1,456
2,293
0,157
2,938
2,169
-0,668
-0,892
-1,570
0,153
1,549
2,507
1,670
1,545
-0,629
2,802
2,236
-0,213
-5,602
-3,677
0,442
-0,063
-0,582
-1,055
-4,037
-2,402
2,918
3,142
-1,691
4,467
2,477
1,051
-0,961
-2,693
0,943
4,384
-0,412
2,979
-0,187
1,690
1,010
-0,322
-3,828
2,521
-2,719
0,828
1,535
1,357
-3,633
-1,136
0,824
-0,768
0,285
-2,011
1,146
2,007
-3,159
0,382
-2,717
0,458
0,096
-0,084
-1,061
2,830
3,146
-1,169
-0,781
4,702
1,047
0,950
-4,185
-2,802
2,117
-0,889
-0,468
-4,499
-2,048
-0,180
0,868
-2,487
-2,353
1,548
-2,792
-5,041
-2,486
-1,817
-0,267
-0,390
4,479
3,306
-2,234
0,236
-0,698
1,293
-1,216
1,788
1,983
0,217
4,732
1,611
-2,073
-3,337
-1,457
-0,344
-3,144
0,033
-0,196
0,772
-2,501
2,157
0,964
-0,504
-0,018
-5,256
1,374
3,004
0,994
4,279
0,877
-2,931
5,089
-0,929
1,142
-0,865
-1,944
-0,166
0,304
-4,819
1,531
-3,157
-0,611
-0,156
3,019
-1,764
0,388
0,897
-4,172
-0,279
-3,347
-1,732
1,212
-0,475
-1,314
-0,325
-0,662
-1,098
1,373
-2,811
0,301
0,132
-3,989
-0,226
-1,398
-0,605
2,284
0,107
0,472
3,621
2,056
-2,669
0,126
5,033
-0,362
0,896
-0,300
-1,328
-0,724
0,338
-0,535
1,470
0,752
-0,762
1,422
-1,223
-2,296
-1,938
-0,458
0,736
1,002
0,455
-0,044
-5,120
0,204
2,550
0,712
0,181
1,941
-1,359
3,019
2,345
2,650
-0,036
1,236
0,542
-0,892
1,070
-2,634
2,954
0,670
-0,632
-1,480
-1,487
0,962
3,967
0,535
-0,880
-0,340
-2,091
4,069
-2,837
2,331
1,037
-1,151
1,495
-3,447
2,861
-1,010
5,039
2,716
1,319
-4,737
-1,809
2,805
0,242
2,843
1,376
-5,383
-0,353
-5,111
5,133
-3,619
1,581
-1,501
1,037
-4,919
5,188
-0,259
-2,878
0,819
-4,468
-4,681
3,417
-3,191
1,108
1,512
3,178
-0,599
-0,048
1,288
-1,370
-1,800
0,981
-3,338
-0,558
0,295
-1,428
-1,426
-0,311
2,640
-1,575
0,696
-3,110
2,230
-2,644
-0,572
2,163
0,764
-1,023
-2,360
2,367
2,428
0,749
-0,574
-2,047
-0,181
3,055
0,707
1,017
-1,091
3,413
2,648
-1,815
2,928
-1,052
1,311
2,588
-3,461
-3,039
3,294
3,135
-2,730
-4,709
-3,458
-1,408
-0,969
-2,751
1,126
0,833
-0,649
1,145
-4,471
-1,592
4,813
4,121
2,139
0,280
-1,936
1,465
-1,401
0,034
-0,949
1,212
-0,046
-1,875
-0,830
2,376
-1,614
-2,778
0,203
0,950
-3,925
-2,425
2,098
-4,812
1,827
0,127
-2,085
-2,865
-1,988
3,405
-0,058
-1,233
-4,561
-1,048
0,643
2,263
2,063
1,512
1,507
-0,645
2,915
-1,218
-3,220
1,593
2,512
3,843
-1,376
2,064
1,639
0,784
-2,292
4,532
-2,475
0,090
0,205
-0,448
-1,732
2,804
0,852
-1,033
1,237
-2,292
-2,143
-0,294
1,854
0,102
6,570
0,195
-1,009
0,227
3,967
-0,460
4,138
6,652
0,317
1,361
1,635
2,131
0,176
-0,618
-0,716
-1,201
-0,640
0,825
-0,107
1,409
1,480
4,600
-2,558
-3,099
2,148
-0,152
1,018
0,671
-7,943
-0,782
-0,174
-4,752
0,510
-2,081
-1,697
-0,842
-0,414
0,486
-3,098
2,099
4,719
-1,069
0,373
-3,859
-0,358
-1,878
-1,547
1,572
-0,404
1,344
-0,718
2,654
3,246
-7,610
-1,892
-0,098
-1,863
1,850
2,651
-0,284
-1,905
2,474
2,406
0,102
1,862
1,142
-0,353
-1,138
-0,864
-2,341
-0,100
-0,894
2,276
0,037
2,805
0,126
0,875
0,047
-2,024
0,897
0,463
2,271
1,155
-0,125
-0,668
1,391
-1,621
1,272
1,656
-0,037
4,229
0,713
-0,174
1,326
-4,078
-2,200
-0,777
2,902
-0,099
4,729
-1,057
-1,087
2,393
-2,181
1,223
1,531
-0,010
-2,911
2,010
1,628
0,998
0,383
-3,168
-0,457
-1,158
2,786
-1,605
-3,707
1,448
-0,569
1,732
-0,904
-2,253
-3,661
-0,278
1,933
2,020
1,930
-0,908
-0,356
-0,396
-1,991
-0,705
-4,388
3,459
0,830
-4,009
5,419
0,355
-0,723
-3,905
1,776
0,368
-4,081
1,194
-0,951
0,071
-1,712
-1,650
2,564
4,852
-1,428
1,352
-0,590
0,938
2,267
3,983
-4,196
2,798
1,194
1,555
0,648
1,198
-2,954
0,835
0,805
0,873
-1,645
-0,105
3,220
-2,687
0,734
1,696
0,509
0,963
-2,894
2,724
3,100
0,504
-1,191
-2,580
-1,140
-1,554
-1,636
-0,908
1,638
0,282
-1,418
-3,520
0,533
1,548
1,354
-2,460
3,135
-2,256
2,332
-2,078
3,291
2,772
0,700
3,428
-2,036
-0,085
2,670
0,706
1,783
0,403
-1,167
1,343
-4,493
0,503
0,452
-2,006
0,995
0,023
-0,541
0,457
0,543
0,680
-0,433
1,940
-5,153
1,685
0,381
-3,390
-0,260
2,367
-0,490
-0,517
1,316
0,209
-2,935
-0,447
-0,688
-2,108
0,442
1,181
1,200
0,262
-1,617
1,785
-2,157
-1,004
0,537
1,543
2,102
0,018
-2,452
-0,788
1,236
1,877
0,502
-0,640
2,560
1,217
1,422
-1,416
0,256
3,658
2,300
-0,157
-1,109
2,073
-0,352
-2,382
-1,647
2,397
3,245
-3,712
0,100
-1,017
0,026
-0,232
0,261
-1,018
3,024
2,825
-0,066
-3,112
3,340
1,137
-3,688
3,965
-2,773
0,134
0,883
-0,509
-0,905
-0,429
1,392
-0,104
2,879
-0,318
-0,361
0,605
2,830
0,813
-2,404
-3,109
-4,358
-2,960
-0,989
0,308
1,865
2,120
-1,486
-0,345
0,767
0,372
-0,292
-3,058
0,438
-1,566
-0,393
0,441
0,119
0,061
-1,361
-1,233
-2,082
1,460
-1,505
2,298
-3,720
1,265
-1,946
-0,204
-0,157
-0,071
0,364
-0,327
3,336
-2,470
-3,771
-3,263
3,604
-2,163
2,114
-0,094
2,121
-2,250
0,530
-0,999
0,045
-0,469
-2,599
-1,132
0,043
1,228
-0,684
0,513
-0,924
-0,023
0,354
-2,383
2,459
-2,716
0,736
-3,309
-0,529
2,826
-3,444
0,480
3,341
3,433
-0,580
-0,133
-1,745
5,938
3,544
-1,072
0,316
0,231
1,624
-1,776
1,788
-1,121
1,057
0,836
-0,859
1,479
3,062
1,183
2,876
0,477
-1,660
-1,753
2,782
2,505
-2,787
-1,910
-1,929
1,190
-2,899
1,585
0,076
0,961
-1,014
0,734
0,428
-2,576
-3,451
2,828
4,543
-5,110
3,294
0,866
-0,603
-0,761
-2,992
-0,231
-2,446
-3,081
2,162
1,184
-2,112
2,879
-4,254
3,569
-0,878
2,765
-0,437
1,209
1,172
0,873
-0,619
3,537
0,403
2,277
1,290
-2,416
-1,696
2,932
3,521
-2,751
-1,572
-2,464
-0,739
-1,974
-3,269
1,453
-0,696
2,151
-0,371
-3,234
-1,034
0,727
-0,966
-2,913
1,358
-0,103
1,054
0,812
0,893
1,212
-0,805
0,073
-3,685
0,090
0,495
7,009
0,177
-2,391
-4,483
4,450
-0,700
-3,639
1,320
-2,574
0,852
-0,542
-1,267
-2,034
0,777
2,527
-0,967
0,244
-1,658
0,678
4,562
-1,571
0,171
-0,850
2,195
-3,289
-2,441
2,093
-1,141
1,604
-3,409
2,185
-3,564
0,089
3,923
-1,514
2,436
-2,168
2,386
-5,145
2,576
2,277
-1,530
-0,104
-0,230
0,041
1,370
4,278
-1,255
2,404
5,493
-1,388
-1,123
1,757
3,631
-1,150
-0,264
3,176
4,211
1,486
-0,919
0,120
-4,221
5,423
-0,095
-0,409
0,576
-0,517
3,824
0,162
-3,448
0,127
-1,168
3,769
-1,469
0,134
-1,346
-2,927
1,555
-0,931
-0,962
-0,131
-2,112
-0,218
-1,446
-1,923
-6,563
-1,673
-2,862
1,592
-0,081
1,248
1,746
-0,506
1,354
3,956
1,512
-0,583
-0,961
-3,064
1,208
0,312
0,379
0,426
-1,842
-1,587
0,024
0,855
3,373
2,843
-2,361
-0,361
2,035
-0,475
-1,131
-2,310
0,873
2,043
1,033
1,668
2,873
3,696
-1,553
0,868
2,015
-3,582
0,881
0,423
-0,364
2,088
0,064
4,752
-0,398
1,256
-0,749
3,677
1,477
-1,541
0,924
-2,554
-0,745
-3,695
1,727
2,132
1,346
3,101
5,392
1,404
2,702
2,295
-2,134
-0,753
-3,610
1,535
-1,278
1,582
-0,263
1,640
0,763
2,045
-1,733
0,686
3,856
-0,134
1,792
-0,357
-1,213
-6,417
1,120
-6,342
4,224
-0,281
2,107
-3,203
0,745
0,425
2,246
-0,161
0,829
0,948
2,925
-0,283
2,453
1,148
-1,209
0,200
2,503
-3,064
0,322
-1,547
1,698
-2,878
-2,095
-1,891
-3,317
2,411
4,435
-2,191
5,471
3,001
3,175
1,209
-0,292
4,540
-3,104
-2,283
0,598
1,567
1,221
0,110
-4,231
2,549
-0,292
3,446
0,295
3,403
-0,141
-0,742
1,135
1,976
4,408
2,095
0,717
3,383
-1,510
-1,003
1,630
-0,662
-1,847
2,379
0,242
-1,994
-3,259
3,189
0,113
-0,696
1,860
0,376
5,993
-0,729
-2,801
1,692
-1,872
-0,364
5,485
-0,343
-0,174
2,311
2,888
-4,587
-0,937
-3,212
-1,599
1,387
-0,793
-0,500
-0,265
1,204
-0,521
3,232
3,918
3,605
2,522
-5,282
1,366
2,666
3,841
-1,614
-3,742
-1,172
-0,090
-0,802
-0,818
0,242
2,523
1,940
3,152
0,082
-0,478
0,178
3,192
4,188
-1,249
-0,412
3,490
1,835
5,817
2,042
-1,321
0,290
-2,279
2,182
-1,643
0,599
1,193
0,123
4,009
1,222
-0,188
1,081
1,188
-4,048
2,375
2,167
-2,896
4,465
0,887
1,602
-1,665
-3,204
-0,820
0,194
0,911
-3,654
1,989
-0,859
1,459
-0,968
-1,764
4,953
1,722
-0,441
5,044
3,980
-0,092
-0,124
-0,709
0,058
1,299
0,052
0,185
1,648
-0,784
5,101
0,071
-3,296
3,793
-2,118
-0,429
-2,092
-1,662
-1,145
-1,079
-1,592
0,462
2,756
-2,338
-2,315
2,799
3,476
-4,260
0,543
-2,741
-0,980
-1,308
-1,553
1,116
1,055
-0,349
0,064
0,524
1,243
2,439
-1,047
0,231
-0,018
1,616
2,589
-0,458
-4,798
-2,155
-2,023
-0,329
1,821
0,844
-1,816
4,678
-2,702
-1,937
-0,533
-4,263
-2,992
-1,915
2,104
0,574
-1,326
-3,743
-1,071
3,221
0,879
-0,189
-1,586
-2,248
2,932
0,275
-0,935
1,726
1,214
5,433
-1,672
-0,120
-1,775
0,063
0,152
5,575
0,379
2,029
2,909
0,733
-1,751
4,373
2,728
0,671
-0,419
-0,208
-3,023
-0,337
-2,815
1,202
0,456
1,127
-0,882
-2,659
-0,800
-0,957
-0,733
0,750
-6,207
0,492
3,052
-1,574
0,998
-0,380
-1,729
-1,148
-3,559
-0,641
0,520
-5,056
2,894
-0,483
3,805
2,378
2,389
-0,291
-0,400
1,347
1,909
0,218
0,063
-3,125
-3,690
1,741
0,372
-6,020
-3,280
1,814
2,190
0,114
-0,462
-1,296
-0,018
0,870
0,687
-2,986
0,047
4,449
2,639
0,691
2,613
6,090
2,536
-5,549
0,193
-1,649
-1,011
-1,750
2,908
1,184
-0,978
-0,737
0,444
0,890
3,017
-3,083
0,857
2,625
-0,346
-2,752
-2,343
0,459
1,257
-1,189
0,380
-0,377
0,358
-1,987
-3,426
0,324
5,150
0,613
3,780
0,497
-0,738
0,431
1,317
1,212
1,203
-0,777
-1,154
0,697
-4,673
2,719
2,594
3,472
2,729
1,325
0,558
1,827
-0,147
-1,233
-1,681
-2,426
-2,281
2,621
0,812
3,629
0,495
-1,271
3,761
0,142
-2,076
2,879
-1,002
-0,517
0,327
-1,054
4,237
5,059
-0,440
-0,157
-1,020
-1,321
1,828
-2,458
-0,872
0,565
0,718
1,380
2,230
0,919
-2,417
3,171
1,776
-1,534
1,549
-1,533
4,238
1,594
4,208
3,764
3,596
-0,894
-2,161
0,554
-0,343
-3,507
-3,408
0,756
4,192
-0,949
-1,038
-5,533
-1,167
-1,887
-4,566
1,175
2,649
0,307
-0,120
-5,871
0,805
-0,741
-0,534
0,970
-0,893
1,872
0,340
4,863
-1,834
0,980
0,128
1,650
-1,658
1,066
-0,065
1,891
4,403
-3,453
1,147
-0,573
1,156
2,666
0,777
1,288
3,709
0,323
-3,807
1,190
-2,169
-2,517
0,743
0,507
6,121
-0,013
0,140
3,145
0,766
-0,423
-1,067
-3,620
1,523
-0,837
1,291
5,473
-3,155
1,175
-1,051
0,518
3,081
1,880
1,518
0,571
0,531
-1,195
0,159
-2,248
-0,944
-2,259
0,803
0,396
-1,310
1,438
1,340
-3,892
-0,480
0,841
1,536
1,302
-4,068
-2,828
1,427
2,951
1,655
2,694
3,102
0,096
1,506
-2,393
0,735
1,208
2,286
-2,562
-2,167
-4,678
1,117
0,023
1,452
3,576
-0,402
-4,363
-3,451
-2,436
-1,962
-2,029
-1,619
-0,933
1,999
4,133
-3,510
2,951
-0,396
-3,279
-2,714
1,997
0,875
4,608
2,425
-2,157
0,920
-0,259
2,341
-1,603
-0,945
-1,709
-1,250
-1,726
-0,993
-0,703
-1,346
-2,193
1,726
-4,832
-2,225
0,017
0,746
-2,505
-0,853
-3,744
2,751
-3,667
-4,205
-0,310
-2,375
-5,594
-2,844
-1,032
6,337
-0,109
-1,133
-1,786
-5,622
3,828
1,196
-0,561
-2,526
-1,149
1,518
0,031
2,218
-0,244
0,272
-4,725
-2,206
0,258
1,759
-3,638
1,959
4,003
-0,889
0,828
-0,726
1,197
-0,980
0,274
-0,301
1,668
-1,798
-0,873
0,553
1,020
1,345
1,281
-2,966
-2,019
-3,101
-0,236
-3,850
-1,422
0,362
1,055
2,683
-2,731
2,867
0,127
1,168
0,346
0,290
-2,337
0,493
-1,567
-3,153
1,677
1,653
-1,847
2,034
0,935
-1,592
-0,492
-2,806
-2,259
2,051
-1,524
-1,540
0,408
-0,210
-1,400
-0,400
-0,812
-5,153
-0,124
1,420
0,270
0,215
-0,340
0,022
0,504
2,979
2,673
-1,276
-1,535
-0,846
-2,630
-0,867
-1,133
-1,868
-2,798
-3,150
1,731
2,692
-1,814
-1,479
-0,036
-0,131
1,505
-3,140
1,006
0,436
-1,221
-1,124
-0,304
-0,903
-1,052
-2,061
-1,134
0,308
1,007
-4,151
0,568
0,473
0,110
-1,721
-0,963
-1,974
2,939
-0,216
-2,427
0,368
-0,187
2,619
-5,821
4,119
-1,503
-3,464
-1,324
4,265
-4,157
-2,309
1,439
1,912
2,618
-0,628
5,111
-2,274
-0,642
-0,975
-1,143
-3,444
2,087
-2,373
0,749
-1,559
-0,752
-2,624
-5,488
-1,504
0,012
0,203
3,914
1,700
1,250
2,183
-1,097
1,796
-3,128
2,277
-1,913
-5,100
1,733
-0,041
0,449
0,682
-0,650
5,323
0,305
-1,996
-1,910
1,480
-2,943
2,336
-2,100
-0,075
2,151
3,859
-0,704
-3,681
0,956
0,278
-1,680
-1,128
1,893
-0,569
0,190
-1,585
0,502
1,985
2,209
-0,784
2,383
2,087
-3,019
-2,153
-0,251
-0,825
3,246
-0,602
-3,627
-1,243
2,651
-1,019
1,325
0,699
-0,942
0,002
-1,094
-5,218
2,069
2,840
2,154
0,283
3,704
-1,585
-3,640
1,568
0,617
-3,165
-0,277
-2,520
-1,156
-1,104
0,637
-2,288
1,049
-1,593
-0,434
0,600
-0,656
3,628
0,370
4,607
0,587
0,077
1,995
-1,825
0,471
0,230
3,715
1,803
1,743
-1,118
1,334
0,680
-1,887
-2,271
-4,828
1,878
-0,459
-1,894
3,103
-0,198
0,866
-0,541
-1,026
-1,397
3,515
0,101
-0,124
-2,310
-0,188
-0,049
0,614
0,349
3,819
2,002
-0,017
0,476
-1,707
-5,524
3,464
1,390
0,750
4,782
-0,877
2,025
1,103
-1,932
3,002
-6,706
-1,559
0,581
1,701
2,015
0,458
2,400
1,950
-0,985
1,732
1,597
-0,013
1,151
1,928
-0,087
2,884
-1,396
-3,989
1,241
-1,132
0,540
0,986
-0,373
2,334
-2,285
-2,714
-3,290
-3,894
-0,831
1,054
-1,361
-0,634
-1,897
0,532
3,961
1,116
-3,422
-0,317
1,959
-0,667
2,036
-1,604
5,147
-1,556
-0,018
0,010
7,778
-5,643
4,481
3,190
6,208
-1,487
-0,283
-2,666
1,591
3,979
-0,859
-0,108
-5,000
1,136
-1,274
-1,810
1,979
-1,642
-1,452
5,569
-1,909
-1,467
-0,630
1,049
1,268
-2,280
1,478
-1,256
-0,704
1,478
1,790
2,423
-2,037
-0,806
0,019
1,994
-3,788
0,855
4,886
1,045
-1,272
3,038
-0,420
2,284
-0,438
-0,290
0,715
2,028
-1,734
-1,195
2,037
1,958
3,767
-2,397
1,691
0,950
-0,034
-4,954
1,274
-0,333
0,079
-2,658
-1,480
-1,462
1,142
1,233
1,062
0,018
-2,322
-0,167
-2,639
2,195
-2,391
2,517
0,584
3,692
4,263
0,029
0,058
5,116
1,740
0,863
2,911
-2,006
2,389
-3,871
-3,501
3,353
-0,915
-0,386
2,258
1,023
0,125
0,538
2,158
0,384
-1,152
-1,332
2,170
2,511
-2,768
2,372
1,433
-3,142
-0,036
0,747
1,167
6,155
-0,672
3,869
-2,554
1,720
0,574
3,276
-2,427
-0,077
-1,818
0,197
3,130
-5,797
-2,926
-0,410
2,405
1,385
-2,266
0,988
-0,924
1,668
0,783
-2,792
-3,666
3,293
-4,006
-3,598
-3,098
-0,180
-0,729
2,943
-1,899
-0,257
3,313
-1,736
-1,126
3,859
-0,878
2,949
4,462
1,219
0,719
0,302
-1,571
-5,241
-0,150
-0,335
1,031
2,517
-4,818
1,877
0,590
-1,764
-2,153
-1,922
-4,623
-0,468
1,349
1,756
-1,555
1,364
0,046
0,858
0,350
-0,767
-1,417
2,505
2,754
-0,788
0,378
1,684
-0,167
4,454
-0,918
-1,069
-0,534
-0,273
-1,762
2,101
-1,197
1,727
-0,410
-1,849
1,225
0,138
0,248
-2,582
-0,413
-5,539
-4,879
1,759
2,583
1,843
-1,867
-1,168
0,990
-0,159
2,100
1,909
0,572
0,710
1,796
1,108
-0,537
-0,227
-1,476
1,435
-2,477
2,236
-0,268
-1,202
2,574
1,143
1,990
2,063
-0,576
-0,218
2,861
4,450
-0,139
-1,976
-4,896
1,228
0,343
-2,821
-1,236
1,126
-3,837
2,820
-0,816
-2,300
-4,243
1,710
-3,928
0,832
0,142
-0,993
1,508
-0,401
0,611
-1,015
1,333
1,347
-0,491
1,563
-0,283
-0,006
-0,893
-2,946
-1,142
0,135
-2,593
-2,161
-2,707
3,530
0,362
3,672
0,993
-0,388
-0,092
1,206
-0,599
1,534
2,850
-1,069
-2,959
-3,092
1,853
0,944
-5,066
2,294
2,360
-0,372
-3,414
-1,276
-0,136
7,378
-0,939
2,240
3,230
-2,639
-3,921
-1,356
-5,028
1,611
-0,098
-6,811
3,850
3,151
-1,185
-1,613
-0,232
0,007
1,024
3,482
-0,381
-2,358
0,978
-3,561
-2,572
3,254
0,319
3,557
4,852
2,681
-0,802
-1,333
0,536
-0,502
0,080
5,188
2,558
-4,698
-0,453
1,291
2,968
0,815
-1,454
0,165
-1,196
-0,855
2,932
1,102
-0,489
-3,168
1,783
3,986
-0,892
-1,395
-0,755
-0,510
5,211
-3,119
1,858
0,310
-2,638
1,307
-2,906
1,678
-0,311
-3,202
-1,439
-1,834
1,999
-0,011
2,682
0,611
1,897
-3,536
0,183
1,823
1,551
0,353
-1,981
-3,117
-0,115
3,433
1,108
0,401
2,633
-1,708
0,893
2,723
0,750
-5,006
5,034
0,857
1,242
1,852
0,239
0,102
-1,049
2,180
-2,810
-3,656
-1,162
-0,455
1,551
2,878
-1,232
-0,189
-0,923
-2,246
-0,863
4,382
-0,062
1,647
-2,695
0,960
-0,636
0,506
-0,733
2,092
-0,423
-0,577
-0,537
3,647
1,489
0,128
4,033
-0,690
-2,670
3,202
-0,996
0,152
-1,557
-1,938
0,145
-0,535
-1,400
2,465
-2,015
2,303
-0,322
-0,536
-0,610
-1,077
-0,401
-2,420
2,533
-3,268
-3,036
1,001
-1,165
0,196
1,378
-0,152
0,998
1,926
0,091
-1,524
3,972
1,304
-0,173
-4,105
-1,677
2,409
4,996
-1,937
0,445
2,235
3,368
1,091
1,295
-3,910
0,055
3,441
0,447
1,923
-1,617
-0,122
3,067
0,341
-1,775
0,868
2,826
0,746
0,737
-3,188
-0,939
-2,299
0,713
2,385
-3,995
-2,497
-0,460
0,373
-0,377
-1,154
-0,734
1,173
0,523
-5,426
1,853
-1,534
-2,290
-1,981
0,533
0,105
-2,046
1,988
-1,282
2,261
0,968
-0,789
1,860
2,780
0,002
1,129
3,609
4,198
-1,634
-2,408
-2,548
0,282
-3,345
3,861
-3,752
2,349
-3,505
-1,051
-1,735
-0,000
-4,276
-1,564
0,934
0,502
-0,327
-1,755
-2,001
-0,179
-4,489
2,974
-0,176
2,848
-3,240
0,875
1,830
-0,708
1,449
0,510
2,027
-2,407
-0,207
0,459
-1,167
-2,299
-1,514
0,965
-0,226
5,561
3,974
4,067
1,034
-1,308
0,920
0,512
2,938
-1,571
-1,400
2,290
-0,262
-1,011
1,202
0,453
1,013
-0,554
-1,014
0,880
-2,439
-1,495
-3,765
2,348
-0,958
-2,714
-0,180
-0,703
-3,903
1,940
-1,102
1,178
1,286
2,748
-0,175
3,991
-1,080
-4,666
1,601
-0,595
1,491
2,881
1,304
0,328
-0,572
-0,668
0,563
-0,968
-0,856
-0,137
-0,159
-0,479
-0,365
-2,801
1,148
-3,284
1,222
3,549
-2,251
2,233
0,407
-2,837
1,600
-0,220
3,883
-0,743
-1,251
1,814
-6,091
1,344
-1,132
-0,376
3,771
-0,390
-1,168
2,006
2,954
-3,482
-0,219
0,197
-0,173
-0,250
2,581
-2,007
0,867
1,723
-0,785
2,183
0,018
-1,190
2,491
-0,769
0,692
1,311
0,267
-1,509
-3,162
3,059
-1,392
0,586
-0,078
0,314
2,350
-1,361
0,206
3,549
2,012
1,642
1,052
1,088
0,992
-2,474
3,014
-1,811
-1,706
1,599
1,647
-0,150
0,710
1,224
-1,686
1,835
2,220
4,084
-0,121
-2,604
-1,218
-1,976
-0,463
-1,749
-0,136
-0,983
1,285
5,216
2,457
3,059
-1,993
2,260
1,770
-0,960
2,025
-5,154
-0,503
0,657
1,468
3,351
3,049
-0,643
-0,398
-0,065
1,814
0,651
4,038
1,718
-2,121
0,500
-0,017
-1,161
-2,456
0,727
2,516
2,816
4,392
0,915
-2,299
-0,841
-2,451
1,293
-4,358
-3,612
3,535
-2,019
-0,291
1,379
-2,373
2,592
-2,485
2,788
-1,360
-2,937
2,997
-0,419
0,027
4,234
-0,974
0,006
-0,023
-2,900
-1,143
-3,598
-4,674
1,480
1,598
0,308
0,296
0,732
-0,762
-3,031
-1,819
0,374
-0,190
-0,925
3,847
0,691
-2,092
3,023
3,945
5,794
4,776
-0,952
-0,582
3,527
1,652
-0,141
3,265
2,810
1,779
-0,798
0,658
-2,526
0,517
0,708
1,365
-0,102
1,155
0,898
-0,764
-1,602
-3,257
0,811
-2,238
0,649
2,648
0,008
5,075
-2,893
-3,083
-1,481
-2,509
-0,677
2,903
0,170
-1,707
-1,956
1,438
1,139
0,850
-2,019
1,535
-2,539
-1,315
-4,252
1,827
0,867
2,189
0,246
2,932
0,446
4,403
5,122
-3,362
-3,442
-0,716
-1,241
-0,680
-1,661
-1,599
1,841
-0,233
4,728
-2,963
0,728
-0,554
1,443
1,370
-0,452
0,779
-2,886
-0,701
-0,944
-2,633
0,916
4,130
-1,146
-0,777
0,097
4,868
-0,127
-0,421
-2,060
-0,168
-3,581
1,585
1,769
0,747
-1,433
1,793
1,460
-0,063
3,569
5,955
0,996
-3,666
-0,340
0,424
-3,065
4,064
-0,317
-0,179
-2,122
0,283
1,034
1,370
-0,184
-4,290
3,635
-2,470
0,969
-3,897
-5,399
0,921
-1,095
-0,827
-2,400
-3,158
1,329
-3,379
1,395
1,030
2,544
3,314
-1,433
0,333
1,365
-0,718
-2,674
0,048
0,794
-4,640
-0,290
-1,028
-1,295
2,607
0,181
-0,215
0,668
4,154
-4,485
0,798
5,804
1,762
-0,734
1,764
0,231
3,956
-1,166
-0,753
-2,238
0,652
0,306
2,308
3,499
-3,238
3,303
-4,500
-1,436
1,846
0,974
-3,857
-5,531
1,439
0,612
-0,865
2,407
-0,342
1,940
-0,559
-0,345
0,233
1,228
-1,394
0,925
1,711
-2,087
2,310
-0,349
0,673
-3,214
-2,563
-5,413
-0,500
-3,014
-0,446
1,221
-2,712
1,734
-1,150
0,869
0,581
-0,388
-0,015
1,250
1,139
0,986
1,927
3,703
0,475
0,108
3,439
0,912
1,936
1,695
0,958
-1,492
1,780
0,842
1,128
-1,799
-0,019
-0,210
1,198
2,042
2,883
-2,376
2,214
3,132
-3,899
-0,236
2,908
-2,510
-0,896
0,177
-5,749
0,285
-1,776
-0,864
-2,613
0,782
1,981
1,139
-2,312
-0,182
0,019
-0,827
-0,647
0,470
0,343
-0,342
0,189
-2,365
-2,254
-3,158
1,998
1,289
0,555
-2,324
0,129
-4,911
-6,235
-5,431
0,292
1,867
1,175
-0,514
0,729
0,130
4,569
-0,553
-3,247
-0,719
0,215
-1,483
0,905
0,302
-0,964
0,847
-1,951
0,809
-1,906
-0,152
-1,606
1,926
-2,208
3,188
3,577
-3,747
1,346
-1,615
0,442
2,830
-0,350
-1,751
-2,478
1,632
4,737
3,949
-0,164
-1,330
-1,857
1,751
-4,535
-1,259
-1,251
-2,638
3,630
-3,837
0,099
0,362
3,143
-3,292
-4,097
-0,712
1,668
-0,076
-3,448
1,703
-0,357
-1,486
-0,648
0,985
3,411
3,985
2,819
-2,217
-1,477
2,524
1,143
-5,212
-2,036
-0,280
-2,417
0,544
-0,087
-0,041
-4,605
3,050
-0,711
-0,198
-4,239
-1,340
-3,766
5,692
-1,587
4,345
-0,068
-1,481
4,009
-1,894
1,271
-0,022
-0,015
-3,093
4,494
3,192
0,646
1,442
-0,505
-2,552
0,409
1,239
-1,208
-0,215
3,478
2,347
-3,333
0,539
1,580
2,255
4,661
-0,118
1,584
1,681
0,188
-2,249
-1,515
-0,432
0,884
4,070
2,506
-3,051
0,062
2,136
0,879
-0,162
-0,297
-0,593
0,538
1,644
2,237
-3,882
-4,304
-0,668
1,047
2,427
-1,112
-1,646
0,035
1,868
3,396
3,284
1,647
0,832
-1,201
-2,836
0,457
-0,222
3,280
0,890
-2,146
-0,802
1,367
1,632
0,964
1,012
2,933
2,994
0,723
2,727
0,330
5,392
1,016
4,435
-3,519
-1,018
-2,041
-1,395
-2,471
-3,988
1,272
-2,106
-1,906
0,533
-1,887
-1,544
3,000
0,981
-0,030
0,207
-1,673
-1,298
0,876
-1,178
0,387
-1,137
-3,656
1,157
0,024
3,184
-0,349
2,020
4,371
0,530
3,816
1,193
-1,114
-0,288
-2,219
-1,899
1,556
-2,545
5,455
0,174
0,211
1,389
-2,469
-0,510
-0,538
0,569
-1,284
1,026
-2,463
0,877
0,618
1,646
-3,319
0,996
1,840
5,534
0,133
0,355
-2,380
0,576
-2,486
-0,181
2,044
-1,530
-0,577
-5,128
-7,916
1,145
-3,947
1,312
-2,199
-1,685
0,532
-0,756
2,392
0,415
-4,621
1,776
-0,407
0,781
-5,743
1,221
-1,278
-0,214
-0,722
4,485
0,621
-2,730
-3,784
-0,608
-0,814
2,410
-5,109
-0,902
4,719
0,821
-0,672
1,287
0,548
-2,081
0,732
-1,467
4,028
-1,993
-0,894
0,602
1,760
-1,014
-2,444
-3,896
1,365
3,078
0,738
-0,412
2,255
-0,926
-1,155
1,134
0,672
-6,093
0,633
2,938
0,977
-2,496
-0,954
-0,728
-0,623
-1,425
-4,504
-2,982
1,397
-0,830
-2,707
-8,914
-2,767
-0,584
-1,911
1,231
-0,438
0,424
0,812
-2,192
-3,889
-0,804
0,588
-2,032
-1,133
2,951
-1,038
-2,561
-0,939
1,335
-0,467
-1,906
-1,232
-3,339
3,062
2,975
-1,136
-2,858
4,194
3,032
0,373
-1,814
1,160
-4,335
-4,346
-1,440
-0,508
-1,720
2,829
-1,152
1,469
-3,242
1,438
-0,422
-1,941
-4,669
-2,398
1,587
3,528
0,292
-1,413
-3,180
0,801
0,939
1,233
0,195
2,916
0,701
-2,912
-0,231
0,420
1,817
-0,025
4,206
0,613
-3,404
-1,858
1,601
-1,592
0,256
-2,194
1,142
-0,277
-0,075
2,791
1,814
0,125
0,680
0,806
-2,285
-0,596
-3,148
-2,311
-0,080
-0,338
0,064
-0,467
2,338
-3,703
-1,077
-0,979
-2,804
0,572
-1,143
2,302
-3,852
-0,638
-0,468
0,316
-2,773
-4,630
-3,618
4,343
1,624
-1,162
-0,318
-3,779
-4,557
-2,779
3,857
0,910
0,810
0,686
-2,189
-3,982
-1,603
0,492
-1,685
1,791
-1,919
0,712
-4,077
1,636
0,919
6,165
-1,331
1,271
-0,499
1,892
1,321
1,402
0,265
0,696
-4,013
2,155
1,002
3,470
2,015
-0,560
0,300
-1,510
0,019
-0,108
-3,458
-1,057
-2,170
4,879
0,702
-1,541
-3,098
-0,777
1,183
-2,842
3,689
1,756
-0,791
-0,379
-4,102
1,867
0,979
0,710
3,446
2,497
-0,365
-0,880
-1,951
0,450
-0,936
-2,008
3,511
1,695
2,863
0,081
-2,309
-1,646
1,709
-1,593
4,648
-2,173
0,061
3,558
-0,761
-1,524
-3,087
-1,110
-1,178
-0,631
3,332
-2,320
-1,361
-0,788
-2,231
-1,473
0,048
-1,137
1,433
3,132
-2,563
-4,627
-0,092
-1,614
0,433
-2,824
1,502
-0,419
-3,347
-2,283
-0,234
-1,456
2,746
-2,008
-3,517
-2,180
-0,596
-1,447
-0,953
1,974
-0,002
-0,001
-1,124
0,434
-5,687
1,492
-5,405
-3,169
2,633
-0,973
-0,803
1,783
1,540
0,813
0,594
1,167
-3,182
0,911
8,531
-1,717
-0,557
1,294
0,264
1,846
-0,700
-0,230
0,096
-0,602
-0,115
-0,682
-1,696
0,349
-1,539
1,700
-1,366
6,452
1,933
-1,698
-1,696
-1,315
1,010
-1,245
0,290
3,188
3,218
-2,621
-2,045
2,054
-0,064
1,511
-2,981
-2,198
0,740
0,387
-0,202
3,069
-1,773
4,129
0,444
3,488
-0,161
2,825
-4,166
2,761
3,767
0,189
1,357
-1,013
1,108
-2,126
3,674
2,082
0,885
-0,150
2,235
-0,421
-0,061
0,930
-3,175
-1,298
-1,289
1,384
0,553
-0,496
-1,606
2,597
0,569
2,965
-1,109
0,415
-1,511
4,081
-2,675
1,601
2,388
0,214
3,709
0,563
3,368
0,096
0,394
2,961
-2,107
3,709
2,259
0,905
0,754
-2,517
0,336
0,043
1,666
-1,799
-2,093
-1,918
-1,046
-4,349
0,612
7,613
1,128
-3,241
-2,715
4,008
-5,306
-3,362
0,658
1,340
-0,236
-0,361
3,591
2,129
5,018
-0,740
-0,707
1,587
-2,395
-1,307
3,279
2,208
-1,333
-2,523
1,094
-0,742
-1,833
-1,662
-3,791
1,785
-0,956
-3,586
-1,588
-2,820
4,009
-1,886
2,221
-0,429
-0,301
-1,534
0,389
1,209
-2,026
0,700
-2,970
0,725
-1,987
0,780
2,595
2,881
-0,548
-2,799
0,257
3,252
-3,290
-0,531
0,200
2,002
2,909
-0,575
4,130
3,665
-1,526
-0,032
-3,455
-0,117
-0,594
-0,964
0,287
2,662
-3,162
2,735
-0,916
-1,642
-3,109
2,097
-0,507
-2,756
1,992
-2,409
-1,296
-0,932
-0,475
1,542
4,384
-1,161
1,431
0,903
-0,031
2,602
-0,843
1,736
-0,633
-0,950
-0,959
0,089
-1,880
1,356
0,902
-3,421
0,824
2,020
2,732
-0,421
-2,697
0,869
-0,072
0,958
-3,209
0,678
1,954
0,734
3,761
-0,830
0,387
-6,166
-0,820
-3,641
-0,976
0,266
2,944
2,855
1,860
1,368
0,951
0,512
-1,250
0,164
-4,807
0,452
1,416
-1,006
1,532
0,738
-0,420
2,011
1,933
2,570
4,380
-1,380
-2,841
-0,208
-0,753
2,535
-3,953
4,829
0,217
-0,870
-0,227
2,897
1,278
-2,988
4,962
-2,378
-1,868
3,633
0,382
0,041
-0,181
-0,814
-0,369
-1,885
2,267
3,349
-0,238
1,799
-0,992
-0,232
0,980
0,730
2,078
0,897
-4,038
2,100
-0,975
-2,569
1,758
3,114
3,610
0,671
0,132
4,724
1,474
-1,891
-1,805
0,586
-1,704
-4,163
1,684
2,764
-0,626
-1,815
-0,222
3,017
-0,096
-1,153
0,400
-0,910
0,793
-0,184
-1,595
1,070
-4,087
3,493
-1,707
-2,969
1,794
-1,882
-4,811
4,432
0,516
-0,364
1,038
-0,524
-1,004
1,215
-0,528
-1,506
0,101
3,402
3,194
-2,662
0,120
0,437
-1,255
-0,477
0,872
1,211
1,026
3,994
1,353
-1,131
2,382
-2,878
-0,687
-0,515
0,852
0,959
-2,542
0,967
0,135
0,505
0,867
-0,550
0,926
1,803
-1,866
-4,306
1,810
-1,160
1,159
-1,057
-3,359
0,929
3,360
0,243
3,259
-1,400
-0,159
4,562
0,285
-0,102
2,988
2,616
2,453
-0,423
-1,944
-3,351
2,441
0,677
-0,043
2,659
0,613
-1,240
3,661
2,737
-0,960
1,166
0,873
-1,076
-4,728
2,436
1,284
0,763
2,082
-0,193
0,648
0,643
2,561
-1,971
-6,802
0,252
-1,368
2,501
0,378
-2,476
4,660
-1,863
3,834
1,902
-2,718
-1,114
-4,217
-3,598
0,600
1,079
3,108
2,631
1,448
2,934
-2,522
0,649
-1,422
-0,454
-0,280
1,108
1,619
0,621
2,928
0,737
3,481
2,086
0,622
1,178
-2,100
-0,279
-4,971
3,534
-1,015
-2,836
1,275
-1,472
0,560
1,998
3,058
-3,858
2,908
2,468
0,370
1,712
-2,913
-3,313
-0,164
-1,488
-1,831
2,774
-0,820
5,912
-5,596
-3,751
0,818
0,311
-2,264
-2,589
-4,907
-1,306
-0,638
-2,298
3,129
3,235
1,945
2,908
2,300
1,151
0,567
-0,378
1,110
0,698
-1,012
3,636
2,778
-4,205
2,178
-0,574
1,900
1,127
-2,605
-2,057
1,294
1,072
-2,866
2,922
-1,833
-1,855
1,443
2,150
0,720
0,951
1,999
0,331
-0,987
-1,092
-1,585
3,152
-2,719
-0,545
-0,440
-2,422
-0,391
0,616
-1,843
-3,339
2,464
-0,276
2,106
2,201
-3,044
0,620
0,623
-2,820
-1,557
1,783
-1,405
0,068
2,494
0,945
-2,724
-0,988
1,697
-2,166
0,876
-0,943
-2,027
1,989
-3,610
0,804
-2,801
-5,283
-1,383
1,031
-0,799
-0,659
-2,021
-0,523
-1,121
1,050
1,959
2,570
-1,832
1,150
-0,675
-1,807
1,290
-3,539
1,468
1,902
0,780
-2,422
-0,896
-0,150
-0,829
2,547
-1,661
-3,554
-0,374
0,263
-4,520
-1,279
-0,483
0,781
2,619
-3,292
0,432
0,439
-2,255
0,249
3,592
-1,206
2,369
3,797
0,748
1,677
1,991
-0,337
-3,420
-1,339
-1,683
2,605
2,801
1,169
-1,400
1,773
-0,170
-0,074
0,561
-0,131
-3,768
-2,610
-0,595
2,016
-0,442
0,604
2,007
0,009
-4,280
3,493
1,981
0,225
-2,319
-1,293
0,507
-0,291
1,256
-1,857
2,000
0,198
-2,182
0,666
2,587
1,257
-0,038
-5,102
-1,336
0,779
-0,715
1,159
0,389
0,965
2,907
3,646
0,098
3,819
-0,533
1,324
-2,163
3,520
0,288
1,172
-0,409
0,393
-0,972
1,189
1,722
-1,422
-0,772
2,011
1,889
-0,991
1,056
0,190
-0,246
-3,950
2,080
-2,221
5,017
1,020
-4,330
-1,314
0,452
-2,215
1,047
2,413
0,724
-1,212
0,369
-0,760
0,181
0,562
0,118
-2,439
-1,497
-4,170
2,349
-1,114
-4,011
-1,779
-3,346
1,056
-2,859
2,667
0,128
1,923
1,334
2,184
0,393
2,707
-3,155
-2,029
2,604
-1,703
-1,391
-0,611
1,704
-0,955
6,334
-1,114
1,359
-2,752
-1,415
-4,871
-1,530
0,248
-1,406
1,921
-4,843
1,898
0,730
2,788
0,334
-2,176
1,962
0,191
-1,172
-0,792
4,661
0,973
-2,135
-1,223
-0,900
1,853
0,911
-1,432
4,959
0,702
1,851
-0,543
1,702
-0,746
0,124
1,018
-3,351
-2,147
4,976
3,749
0,113
-2,469
2,806
-4,912
2,373
1,800
2,088
-1,657
-0,178
1,398
0,037
-0,240
1,492
0,272
-3,680
-0,186
0,967
2,174
-0,341
0,494
1,492
-3,934
-2,262
2,949
-0,555
3,859
0,885
2,666
-1,307
0,856
0,415
0,953
5,132
-1,831
-1,855
0,652
2,134
2,647
0,468
-4,154
-2,224
-0,531
0,682
-1,777
-1,685
0,508
3,092
-0,304
-2,136
-0,791
-1,716
2,733
-2,677
-2,873
-0,641
-0,815
-1,679
0,587
-0,706
0,585
1,610
0,485
-1,975
0,153
-0,703
1,706
1,909
-0,411
-4,435
-2,722
1,565
1,349
-1,243
0,850
1,954
0,853
2,103
-1,112
0,837
-0,361
4,003
0,940
-0,606
-0,724
-2,737
1,665
3,784
-2,388
2,007
0,821
2,523
1,480
-1,234
-3,085
-3,583
-0,650
2,376
0,277
-2,971
0,853
2,289
0,529
2,177
-0,537
2,438
-3,000
1,407
-1,248
1,966
-1,438
-3,424
2,742
-1,200
0,062
-0,887
-2,471
-1,399
-1,060
0,516
-1,575
-0,930
3,889
1,373
-1,133
5,198
-1,175
0,706
0,647
-0,232
1,941
2,895
-2,630
-1,383
2,261
2,040
-0,780
2,441
-1,347
4,952
3,593
1,642
2,500
-2,376
-2,005
1,686
-0,165
1,483
4,474
-2,113
4,260
1,372
6,447
-0,020
-1,207
0,655
-2,117
1,517
-2,060
2,933
-0,979
1,405
3,236
0,203
-0,472
-1,630
-1,889
2,428
-2,110
-1,089
-4,789
1,461
-0,803
-0,270
-1,820
-2,668
-1,315
3,756
2,950
-0,129
-2,000
-4,031
1,816
-1,515
0,320
3,110
0,199
-0,681
-1,456
2,947
2,624
-1,970
-0,861
0,636
-0,220
0,571
-1,560
-1,559
-1,217
-0,923
1,252
3,291
0,251
-2,071
0,885
-0,752
-1,261
-2,891
-1,493
0,806
-0,020
0,532
0,620
-1,651
-1,132
0,810
-0,272
2,735
-1,851
2,688
4,293
3,639
-3,722
-0,809
-3,210
1,687
-3,178
-0,873
0,227
-3,520
-0,753
-0,945
-3,229
3,600
3,817
0,921
-1,122
-1,260
0,908
-1,334
-2,478
0,488
0,146
-2,407
3,391
-1,527
-2,368
-1,616
-0,636
5,092
-1,588
-1,608
0,130
-2,431
-3,042
1,284
-1,819
-0,852
-0,570
-0,123
-2,332
-1,118
2,754
-2,031
-3,395
0,993
-0,380
5,451
5,150
-6,358
4,656
-2,232
-1,209
-4,466
0,386
0,576
4,014
-2,290
-0,742
-1,632
-0,777
0,944
-0,940
-2,321
2,865
-2,160
-3,746
2,670
2,460
-0,017
1,120
4,366
-1,596
-0,279
2,485
1,979
-6,055
-2,410
-1,409
0,346
-0,470
-0,469
-0,048
1,373
2,972
0,320
-3,772
-0,554
-0,416
-3,664
-1,127
-1,788
-0,468
1,158
-0,625
1,460
5,658
-0,236
0,568
0,446
0,496
-2,135
-1,704
2,449
1,689
3,653
-4,701
-2,194
-1,520
0,975
3,417
0,771
0,073
-0,002
-0,767
-1,065
0,952
-1,760
-3,076
-0,722
0,188
-4,081
-3,153
1,278
-1,062
-1,590
-0,553
1,100
0,308
2,676
-0,633
-1,424
-4,328
0,982
-3,226
1,960
0,967
-1,875
-3,088
1,315
-0,100
-3,318
0,398
3,703
-1,102
0,117
2,254
-0,361
0,678
-0,125
0,863
-0,278
-0,038
-3,892
-2,251
-0,277
5,055
-2,030
-0,530
-0,494
-1,576
0,563
0,271
-0,779
-4,008
-1,439
1,523
-1,958
-0,313
1,084
5,044
1,964
-1,090
-0,940
3,324
0,379
1,326
3,150
-0,472
-3,639
1,662
0,598
-2,178
-0,424
2,913
-3,777
2,853
3,465
0,522
0,390
2,355
-0,384
0,776
2,840
0,018
-0,145
-1,451
1,402
-0,855
5,550
-2,501
-0,663
0,485
-2,127
-0,751
-3,758
-1,285
2,124
-3,530
2,558
2,552
1,444
-2,673
-1,439
-0,980
2,720
1,444
0,248
-1,825
-3,486
1,212
-2,787
-0,491
-5,402
-3,552
3,019
-3,829
2,991
2,359
0,856
-1,784
1,792
-1,158
1,394
-1,717
-2,863
2,059
0,671
2,916
-1,454
-0,279
-3,955
-4,761
-2,891
-2,133
-0,268
-1,662
0,260
0,583
0,028
-3,610
-0,702
-0,629
-2,325
1,736
1,578
0,970
0,794
1,114
1,524
2,124
-2,015
2,749
1,771
1,802
-1,594
1,903
0,915
-1,684
-0,690
0,025
-2,897
-1,540
-1,783
2,759
2,955
-2,408
-3,622
0,160
3,071
1,629
-2,993
-0,162
-0,893
-0,770
3,045
0,627
-1,103
-0,001
0,134
3,181
-1,720
3,472
-0,187
1,575
0,678
-1,001
-0,889
-1,444
5,516
-3,660
-2,534
2,383
3,706
0,461
-1,546
0,138
-2,834
0,040
0,098
-3,341
1,958
-0,586
-0,490
3,445
-1,449
-2,894
-0,341
1,087
-0,412
-4,595
1,731
-1,120
-0,913
-0,177
2,690
0,125
-0,382
-1,462
2,982
-0,604
-1,829
-1,005
-3,752
0,837
-2,609
-3,853
0,814
-2,335
-1,636
4,901
0,784
3,377
0,370
-1,668
0,018
4,387
-1,689
3,244
-1,988
2,064
-1,073
0,840
0,905
2,340
-3,212
-1,085
-2,087
0,961
1,369
1,139
-2,674
0,310
-0,285
-3,302
0,127
2,355
-0,724
-0,957
-2,022
2,353
-0,570
-2,728
-1,212
-0,211
3,894
0,839
-0,617
0,348
-1,735
1,325
0,495
-4,259
-1,026
0,648
0,812
3,011
2,690
-0,044
-0,452
-2,303
-2,792
3,840
6,330
-0,262
-0,830
-2,571
-2,585
-3,098
-3,731
0,551
2,492
-3,312
-0,283
0,216
2,842
3,285
2,938
-3,453
-0,282
0,619
-2,561
-0,063
-1,354
-2,643
0,738
2,051
-0,526
-2,252
-2,506
2,146
0,369
2,083
-2,020
2,915
-1,002
0,796
1,307
2,315
0,863
-3,797
3,489
0,119
0,833
2,110
1,476
0,738
2,090
1,932
-3,080
-3,197
-0,131
-3,396
-2,654
0,393
0,259
1,328
1,770
-0,862
2,284
1,046
-3,147
-1,346
1,738
-0,245
-0,637
2,988
-2,306
-0,620
-3,871
1,062
-0,918
0,587
-3,593
4,750
1,404
-3,518
3,668
1,685
-2,565
1,931
-0,948
-3,234
-0,958
0,618
0,715
-1,657
2,076
4,173
1,511
1,358
0,032
2,929
3,013
3,247
2,976
-0,591
4,572
-0,120
-0,221
3,330
3,903
1,174
1,357
0,711
-2,363
-0,497
-0,214
1,523
-1,355
-0,629
-2,377
0,331
-2,701
-3,590
2,068
-0,146
-1,377
-2,076
2,797
-0,360
2,615
0,299
-0,827
1,108
-2,752
-0,389
0,038
1,250
-4,687
-0,086
-3,569
-1,847
0,258
1,262
0,256
1,980
-1,489
0,301
-0,754
2,995
1,575
3,283
8,680
-4,034
0,279
2,645
2,112
1,078
2,179
0,446
-1,089
0,449
-0,403
1,053
1,675
0,674
2,015
-2,671
1,235
2,297
2,246
2,931
-1,003
-1,348
5,121
1,294
2,502
-2,920
-2,415
-2,837
-1,493
-2,827
-3,359
-0,220
1,586
1,358
0,861
-1,422
-0,759
-2,235
1,960
0,997
-0,326
0,179
-3,345
0,456
1,857
-0,372
0,512
1,948
1,930
5,608
-2,196
-5,000
0,359
-1,435
5,883
-5,569
-0,663
-1,911
0,025
-2,110
-1,507
1,202
-0,777
4,421
4,945
-3,145
3,846
2,019
0,125
-3,518
-0,774
1,734
2,727
0,570
-1,036
1,777
-1,813
0,073
-2,719
3,791
-0,717
4,884
-0,946
-1,150
-2,836
0,727
-2,929
-0,569
-0,698
-2,069
-1,000
1,535
-2,399
-1,683
0,970
0,877
1,917
2,580
-0,467
2,368
-1,502
3,072
2,002
2,391
1,377
-0,014
0,991
-2,436
-3,458
2,160
-1,244
-1,168
-3,934
-0,430
1,610
0,722
-2,215
0,358
0,125
1,049
3,253
-2,485
-0,298
0,577
0,455
1,385
0,434
-0,763
-3,076
3,599
0,861
-1,610
-1,413
-0,404
2,102
-2,117
1,215
2,840
0,056
-0,997
-2,460
4,855
0,239
0,713
0,111
3,717
-1,520
-0,165
-2,281
0,373
1,282
-1,024
0,471
3,435
-0,860
-1,500
2,032
-3,086
2,245
1,565
0,904
3,834
-0,385
2,098
-0,496
-0,409
3,309
3,029
-1,213
-0,452
0,104
-0,359
1,850
1,701
-3,208
-1,663
-2,588
3,307
2,420
-1,112
-1,560
0,625
0,729
1,099
1,937
0,875
-0,206
0,506
2,372
1,536
2,585
-1,909
1,966
-2,513
3,914
-0,112
2,508
-0,120
-2,136
1,352
2,591
5,514
-1,804
-1,107
-1,226
-1,675
2,969
-2,038
-1,281
2,124
-1,550
-4,769
-1,619
-1,317
-1,931
3,878
-0,168
0,952
0,791
1,107
0,699
-2,070
0,467
1,020
3,761
-1,015
2,423
-2,644
-3,676
2,179
-0,023
-3,499
-3,376
-1,166
0,947
-4,077
5,194
-1,847
-1,745
-1,399
-2,850
4,025
2,821
-0,450
-1,872
-0,847
-0,301
0,863
1,372
0,237
2,589
-1,524
-1,842
-3,470
-4,748
-2,664
2,404
-1,655
-3,587
-0,029
1,698
1,812
-0,242
2,194
1,437
-0,501
3,126
-3,518
-1,099
2,440
-1,571
-0,660
4,068
-2,993
-3,244
1,522
1,845
-5,398
-0,073
-0,035
3,071
-1,057
-0,163
-0,515
-1,132
0,844
2,126
-1,069
1,761
-1,825
1,614
0,297
0,839
-2,536
1,818
0,035
-1,282
0,414
2,652
0,671
1,880
-0,751
1,551
-0,015
4,896
-2,108
-2,669
2,283
4,904
-2,186
-0,719
-2,907
4,211
1,019
-1,455
-1,338
-0,197
-1,032
2,256
-1,354
0,596
1,232
0,982
-1,345
-3,201
2,068
0,730
0,295
-4,747
-2,450
-2,568
3,814
-4,039
-0,822
-0,885
1,295
0,962
4,755
-1,240
-1,056
-1,015
-0,241
0,623
0,953
1,157
-0,222
-2,974
-3,904
1,079
1,008
1,471
3,335
0,285
-3,230
-4,308
3,015
-2,230
1,030
-0,665
2,242
2,198
1,684
1,058
2,332
1,251
-1,249
-3,941
-2,421
3,788
-0,371
1,696
-0,234
0,315
2,496
-4,203
-1,763
1,132
-1,458
-0,140
0,398
0,647
1,764
-2,607
-0,075
0,947
-0,883
1,455
-1,638
-0,497
1,940
-1,321
-3,629
-0,848
-0,511
0,795
0,020
3,505
-2,146
-0,804
0,617
2,846
3,392
-1,510
-0,940
-0,131
-0,541
3,004
0,513
-1,990
-2,622
0,266
-1,352
0,214
3,249
1,791
0,006
-1,203
-1,691
0,837
-0,493
-3,899
-0,523
-3,671
2,184
2,820
0,189
-0,631
4,979
-1,924
-2,603
1,391
-0,755
1,578
0,029
1,264
0,920
-1,295
-3,305
-1,417
4,871
-0,834
-2,599
-1,812
-1,955
-0,345
-1,186
-2,508
4,127
0,918
0,878
-1,360
-3,628
1,308
-2,594
-2,006
-0,074
-0,678
-2,122
-0,010
-1,345
-1,061
0,757
-0,780
1,172
4,150
-0,514
1,388
-2,341
-1,528
3,068
-1,086
0,085
-0,666
-0,123
-1,409
0,364
0,477
0,258
3,608
1,549
-0,091
0,558
-2,528
-0,958
2,924
0,944
-1,034
0,849
1,464
0,658
1,237
1,648
-2,000
-4,452
-4,917
-1,549
0,451
2,459
2,658
1,522
-2,192
-3,496
-0,259
-0,952
1,131
-0,643
1,639
-1,051
0,523
2,000
-0,470
-5,133
-2,418
2,193
1,584
-3,483
-4,452
-2,494
0,237
-3,474
0,867
-1,867
-0,156
-1,085
0,994
1,991
0,983
-1,196
-0,226
-1,001
-0,817
1,382
-1,518
-0,159
1,647
0,196
0,833
-1,078
4,004
2,606
-2,448
-0,499
1,946
2,451
-4,505
-0,306
-0,601
0,619
-1,537
-0,819
-4,791
-3,375
1,576
-0,335
-2,584
2,353
3,475
-1,593
-1,012
-1,451
-1,867
-0,359
-0,379
2,473
-2,597
-0,915
-3,976
-1,166
-0,272
0,252
0,696
-4,255
-1,474
5,326
1,259
-1,786
-3,475
-3,047
-4,169
-3,433
0,286
-1,874
-2,931
0,853
0,619
0,100
-1,294
2,805
-0,659
-0,004
-2,464
-1,926
-0,630
1,844
2,255
-1,793
3,135
-3,098
-3,193
-0,060
-0,158
-0,285
-1,668
-2,840
1,147
0,244
0,425
2,593
0,819
0,605
-0,596
-0,749
-2,417
-0,101
1,281
-2,980
0,980
0,129
-0,584
2,011
1,018
-0,462
1,109
-3,512
1,006
4,201
2,091
-2,795
-2,218
0,151
0,893
2,576
-0,609
0,615
-0,251
-2,138
-1,374
-4,110
-2,183
1,599
-1,783
3,742
1,006
5,853
-2,595
-2,102
-0,715
1,348
0,522
-2,422
-2,328
-5,485
1,012
1,453
1,922
1,149
2,053
-6,394
2,455
2,083
0,017
3,497
-3,693
1,093
1,614
0,938
-0,272
2,837
1,915
0,545
-6,037
0,103
4,879
-0,454
1,298
0,684
-0,492
-0,440
-1,129
2,553
0,027
-0,735
0,451
5,215
-2,441
-0,484
-2,552
1,500
5,896
-0,847
-0,007
0,332
0,744
-0,052
-3,459
-0,796
-2,524
3,461
4,202
5,081
-1,977
0,099
1,461
-0,156
-3,427
0,973
-2,551
2,170
3,863
1,809
0,336
1,330
-0,332
1,806
-1,473
-3,734
3,581
-1,566
-0,486
1,897
0,238
-1,897
-2,099
0,259
-2,263
-1,811
1,878
-4,077
3,444
2,166
-1,943
-3,326
0,664
-0,470
2,339
-0,857
1,774
-0,901
-3,995
2,257
1,695
-0,490
0,387
-3,714
0,478
-0,662
1,763
-0,873
2,681
2,569
-2,150
1,860
0,049
4,307
-1,942
-0,984
1,781
-4,899
-0,587
2,910
2,258
2,358
0,372
-0,235
3,043
-3,266
1,627
1,678
0,410
-2,814
0,874
1,397
-0,286
-0,449
-3,456
-2,615
1,287
-2,166
-4,547
5,485
0,489
1,560
-2,432
0,146
-0,588
-0,040
0,015
2,519
4,633
4,144
-2,126
3,507
-3,167
-4,216
-0,648
0,812
-2,357
-1,731
3,058
2,304
0,372
-1,387
-1,463
1,838
-1,897
-2,428
2,058
0,311
-0,872
-2,840
0,838
-2,013
-4,087
0,879
-3,795
0,109
1,792
-0,978
-1,749
3,234
0,905
-1,453
-2,420
-0,621
-1,226
-0,466
1,913
-1,121
-3,280
1,527
-0,586
3,148
-4,093
-1,524
3,712
0,249
0,414
-1,037
0,915
-0,430
-4,040
0,725
-0,702
5,858
-1,713
0,540
-2,146
2,147
1,034
2,958
-2,360
-3,266
2,465
2,354
1,829
2,975
-0,331
1,842
-0,159
1,489
-0,704
1,995
1,252
-1,963
1,625
-1,449
-0,365
-0,485
1,408
-0,362
2,170
0,889
-1,753
3,258
0,980
-1,283
0,258
-3,041
0,805
1,051
-1,734
2,602
2,007
-0,485
0,832
-0,101
3,588
-0,603
-0,363
0,132
0,368
-1,530
-1,994
-3,243
0,333
-0,782
4,247
0,027
1,664
3,764
-3,098
-0,232
-2,580
1,630
-0,866
-4,161
-0,016
-3,694
-1,542
0,473
-0,086
-2,308
-1,738
-0,814
0,247
1,776
1,713
-1,238
0,828
6,257
-2,169
3,470
2,266
0,897
2,078
2,205
-0,679
-0,121
2,579
-2,836
2,283
1,420
0,043
2,394
0,278
-0,402
1,414
5,434
-2,789
1,713
-0,229
-1,350
-0,739
1,085
2,436
-2,579
-0,240
2,643
1,111
0,757
-0,038
1,087
0,041
-0,917
3,978
-1,689
3,038
-2,261
0,017
-1,077
-0,713
4,343
-0,036
3,108
-4,501
1,666
0,323
1,754
3,612
-1,023
0,790
0,473
-0,405
-0,670
-2,425
0,253
-4,452
-0,792
-1,018
-0,386
-4,646
1,876
-1,329
0,166
2,942
2,676
1,418
-1,501
-1,639
0,655
-3,205
-0,600
-1,747
-3,541
4,160
0,142
1,241
0,448
2,838
-0,007
-0,031
-0,099
-1,066
-1,806
2,058
-0,491
-0,777
-1,381
1,104
-4,446
-1,486
-0,997
-3,248
-1,387
2,304
2,912
-0,475
-3,787
0,533
-0,991
1,080
4,729
-0,853
1,339
2,863
-1,609
1,335
-3,637
-1,582
3,319
2,185
0,459
1,461
0,814
2,121
4,833
2,146
-4,798
-1,401
-1,961
-0,648
2,033
-0,574
0,855
0,956
-0,020
2,122
-0,559
1,159
-0,102
-1,427
-1,458
-0,625
-0,365
-0,757
5,593
2,445
2,012
3,902
2,271
1,898
-0,939
-0,750
-1,164
0,588
-2,042
-1,971
-4,385
-4,040
1,643
-0,841
-0,175
-0,205
-0,850
0,678
0,369
3,131
0,460
-0,635
-2,022
0,324
0,934
-4,267
1,626
0,254
-1,789
-0,124
2,926
0,579
-0,966
1,395
-6,251
-0,844
-2,600
0,531
1,827
-1,909
-2,207
2,416
-1,916
0,720
0,224
1,126
-0,317
1,198
1,094
-2,965
-1,019
0,557
-0,594
-0,859
-0,491
-0,420
2,153
0,499
4,793
-2,044
1,028
-3,773
-0,313
2,607
-2,073
1,866
0,431
-3,910
2,522
1,050
-0,861
-1,521
-0,243
1,412
-4,666
1,675
0,688
0,268
0,476
-0,130
-0,599
1,910
-2,774
1,437
-1,849
-0,736
0,532
2,038
2,317
-1,189
-2,996
1,811
-0,481
3,599
-1,709
0,074
0,817
-3,136
-0,047
-2,299
2,660
-1,153
-4,563
-3,293
3,729
-3,673
-2,320
1,865
-1,679
-1,156
0,669
3,438
-3,073
2,939
-0,647
1,573
0,060
0,423
4,042
5,055
1,164
0,838
0,194
-1,489
-2,073
-0,604
1,262
-1,803
-0,886
1,409
-5,192
1,302
-1,983
-2,241
-2,326
0,610
-1,854
-3,755
3,160
-1,270
-1,039
1,257
-3,240
-0,432
1,486
-0,832
1,331
1,065
1,331
-4,215
1,147
-0,157
0,233
1,442
2,258
-2,673
-0,010
-0,307
0,765
0,509
-4,172
-3,953
-0,123
0,330
1,365
0,691
-0,503
0,519
-3,312
3,466
-1,217
1,022
1,921
-3,233
1,471
-3,471
-2,765
1,139
-3,357
0,728
0,771
2,705
0,584
4,577
-0,004
1,607
2,055
-0,530
1,310
0,074
-2,069
1,600
3,457
1,494
0,534
-1,127
4,676
3,634
-1,368
-4,508
-1,824
-1,034
0,176
0,029
-1,778
-2,111
2,013
-0,508
-4,780
-1,674
1,048
-1,080
-1,630
-0,031
1,424
-4,130
-0,341
-0,670
0,203
-0,498
1,538
-0,390
-1,673
-0,624
1,102
2,475
0,392
0,493
1,432
-2,152
-1,702
3,333
-1,291
-0,602
-0,074
-2,374
1,084
0,129
1,831
0,466
-3,923
3,614
3,673
-3,928
-0,564
1,028
-1,846
1,281
-0,355
2,804
-1,346
2,235
0,131
0,230
0,971
-2,211
0,294
-1,981
4,191
1,054
3,013
-2,485
2,691
-0,858
3,041
-3,155
1,420
-2,554
-1,733
-1,636
-2,286
-0,971
2,972
0,009
-1,492
3,245
-4,656
-0,866
0,030
3,242
3,517
2,777
-1,393
1,774
-1,200
-0,818
-0,418
4,152
2,089
-3,059
-3,721
0,547
0,937
1,782
0,835
0,108
-1,326
-2,135
-2,117
-4,382
-2,326
-1,779
-0,318
2,888
-0,768
-0,835
0,214
3,730
-0,072
-2,571
-0,147
1,985
3,215
0,938
-2,503
1,804
0,618
-0,395
-4,674
1,906
-4,210
-1,979
-2,109
-3,468
-1,094
-2,162
-1,186
1,230
1,379
2,155
-0,153
0,775
0,919
0,257
1,002
1,280
-0,909
-2,869
-2,883
1,851
-0,220
2,668
2,739
1,625
0,417
0,831
2,393
0,725
-3,488
1,428
-3,905
0,630
0,929
0,490
0,438
-1,881
-1,388
-0,510
-1,407
-1,316
-0,647
-2,224
0,049
0,308
-1,327
-3,421
-1,053
-0,834
-4,205
-5,605
-3,129
0,558
-1,852
2,197
1,297
-1,050
-4,904
0,508
-2,694
3,923
0,213
2,986
-0,368
-4,159
1,497
0,841
-2,346
2,551
1,937
3,269
1,584
2,760
0,927
0,963
0,286
3,104
-2,361
-0,909
0,095
-3,974
-3,188
1,133
0,914
4,384
2,935
2,595
-5,596
-3,038
-0,119
-3,426
5,121
-1,357
-0,838
-4,208
1,730
-3,476
2,864
1,639
1,301
-0,100
-1,005
-1,117
-0,649
-0,801
0,595
0,742
0,936
0,249
-1,003
-1,806
-2,290
1,906
-4,819
-2,556
3,690
-0,298
2,012
3,562
-1,916
-0,022
-0,835
-1,280
-2,015
-1,833
-3,758
0,789
1,057
0,850
-1,476
-1,918
-0,785
1,588
1,260
1,573
-0,273
-2,168
6,424
-2,589
-0,746
1,665
-0,308
-2,354
-0,893
-0,206
2,835
0,905
0,264
-1,037
-2,805
1,758
0,251
1,670
0,505
3,955
1,895
-0,431
-1,825
-2,625
-2,136
-2,340
-2,623
-0,476
-1,079
-2,682
0,184
1,943
-0,966
-2,791
1,646
-2,864
-2,465
1,869
-2,686
2,091
0,495
0,964
-0,987
0,602
0,937
-0,759
-2,296
3,871
3,015
-1,101
0,762
1,140
3,045
-0,051
1,541
-2,422
2,260
1,950
0,570
-2,763
0,207
0,445
0,805
1,223
-4,455
1,168
-2,738
0,430
-3,162
0,173
0,625
0,085
2,553
-3,469
2,063
3,291
6,172
2,054
0,132
-0,270
1,645
-2,994
0,402
-2,238
2,185
-0,053
3,046
-2,000
0,494
-0,667
3,364
1,096
-1,222
0,128
-1,795
0,824
-1,603
3,250
-0,067
0,202
0,713
-0,989
0,662
0,287
-3,278
-0,961
0,417
0,078
-0,396
1,565
-0,859
-1,552
1,789
-1,193
-2,437
-1,536
-1,949
5,616
0,722
-3,979
-3,372
0,264
-3,316
-1,572
-4,472
-4,322
0,856
-4,292
-0,005
1,932
-1,932
0,679
-1,818
-0,615
0,009
0,085
-0,625
0,198
-1,344
0,671
4,047
-0,266
0,234
-0,962
1,047
1,357
-1,607
0,147
3,864
-4,974
0,192
3,217
-0,083
-0,419
0,343
-2,426
-0,288
-0,786
2,325
0,855
2,120
-0,035
-1,423
-3,381
2,110
5,340
4,292
2,255
0,498
0,662
0,264
-2,568
-1,252
0,827
0,856
1,492
-2,201
1,206
-2,641
-1,398
-0,956
0,106
-3,949
-2,425
1,599
1,047
2,535
-0,625
-2,918
2,067
-2,109
0,232
0,927
0,417
-1,050
-2,165
-2,082
1,992
2,353
-2,158
0,259
-1,445
-3,139
-3,786
3,283
2,311
1,877
-1,504
0,592
2,516
-0,794
0,409
8,947
1,815
0,147
2,724
-3,050
4,269
1,718
-2,048
0,343
0,748
1,128
2,444
5,189
6,112
2,891
-0,799
-0,900
-3,200
-2,985
0,917
2,094
-1,043
0,522
1,160
-2,016
3,444
0,189
-2,216
0,344
0,833
-1,963
4,020
-2,571
0,490
0,264
4,023
2,198
2,552
0,637
0,811
2,331
2,467
-5,290
-1,864
1,750
3,785
2,937
-1,679
0,905
-3,385
-0,501
0,622
0,233
1,225
0,510
2,347
4,787
-1,415
-0,811
0,882
-2,927
-2,966
-2,666
-0,591
0,410
-0,494
3,665
2,720
3,485
-2,561
3,147
-0,986
-0,662
-2,284
0,318
-2,937
0,562
1,237
6,745
0,238
1,949
-0,907
-1,621
-0,396
5,254
-0,584
0,326
1,234
0,964
1,062
-3,284
-1,087
-1,259
-0,669
0,554
-2,260
-0,707
1,036
-0,949
1,886
3,715
-2,971
-0,157
1,340
2,006
-2,318
-4,188
-3,769
-3,626
1,667
-1,228
-2,483
-0,888
-1,106
1,006
-2,146
-1,442
0,582
1,509
0,350
0,566
-1,318
0,823
-1,724
2,106
2,003
-0,010
-3,610
-1,906
2,003
-2,497
-0,102
-0,273
-2,199
0,440
0,798
0,450
0,214
-1,092
-0,647
-0,420
-2,728
-1,209
3,217
-0,337
3,220
-1,278
-0,030
3,370
4,034
0,859
-1,071
-2,734
-6,117
0,883
-2,758
1,010
-0,114
-0,638
-2,406
4,179
-4,375
-0,138
-0,680
2,112
-5,518
0,798
-2,008
-1,325
-3,408
1,693
2,202
-5,853
-0,255
-2,514
0,418
-1,474
-2,058
0,780
-0,129
-2,208
-1,292
0,450
0,725
1,468
0,150
1,288
0,660
2,069
-1,225
2,118
-0,424
-0,333
-3,974
-4,608
-0,293
-2,362
2,563
-1,147
1,173
1,801
-0,471
-0,301
-2,863
-0,292
0,237
-0,532
-2,638
-2,335
-2,531
1,914
1,972
1,272
1,429
3,243
-2,804
-2,761
-0,440
0,806
-1,353
0,424
1,524
0,209
-1,806
-2,145
0,030
-0,884
2,475
-0,754
3,178
2,716
-1,287
-1,721
-3,838
-0,802
-1,156
-1,114
0,232
-0,642
1,060
3,012
-0,721
-1,595
-6,051
0,761
0,847
1,260
-2,678
-2,221
2,980
-0,343
0,635
0,459
2,691
3,943
-1,034
-2,955
-0,854
0,831
3,656
3,311
2,014
0,642
0,139
-1,300
-3,649
1,511
-5,417
-0,791
-1,193
-0,122
0,012
0,131
0,756
-0,041
-2,020
1,001
1,057
2,635
-4,175
0,569
-3,526
-0,635
-1,028
-0,366
0,256
-2,218
-1,748
2,228
1,223
-0,743
1,706
3,750
2,855
3,122
-0,163
0,981
2,257
-1,056
-1,415
-4,569
0,772
-1,558
-1,672
3,972
-4,339
-0,002
-0,876
3,020
0,094
-1,253
-1,562
-1,031
-2,030
2,461
-0,331
0,527
0,406
-2,027
-3,716
1,050
0,843
0,768
0,624
3,926
0,155
2,603
0,492
-0,529
2,469
-1,681
2,809
1,850
-1,851
2,207
0,560
0,077
3,919
-0,359
2,586
-2,364
0,918
0,207
-0,992
-0,853
-1,428
1,270
1,717
-0,365
2,091
-0,120
1,914
-2,458
-0,334
0,777
-0,944
-0,154
-1,742
-0,040
0,914
2,634
2,435
1,579
2,121
3,271
-1,119
1,818
1,482
1,793
-1,090
-1,292
1,888
-2,696
2,159
-3,063
-3,271
-1,689
3,641
1,781
0,193
-1,538
-0,829
2,109
-1,313
-2,387
1,636
-0,816
0,488
3,118
1,821
0,041
2,318
-2,660
0,327
-3,795
1,598
1,664
-2,534
0,046
1,159
-2,326
0,966
0,395
-0,064
1,087
-1,962
1,187
-3,524
0,405
-3,609
-3,950
-2,338
-2,235
0,924
-0,001
0,837
3,025
4,118
0,578
2,431
0,283
1,615
4,381
-0,570
-0,477
-1,580
-1,974
0,997
2,285
-0,087
-0,581
-0,169
0,963
0,623
2,098
-0,474
-0,305
-0,566
-1,046
1,448
-1,718
2,580
-4,948
-1,102
-1,791
3,913
-3,223
-0,096
-0,812
-0,595
3,077
5,515
0,788
0,159
-2,398
1,216
-0,119
-1,232
-1,155
1,265
-2,441
-1,915
1,754
3,105
2,876
2,632
-2,910
0,787
2,511
1,668
0,120
-2,396
-2,751
-0,697
1,779
-1,255
-1,802
0,133
-0,198
0,632
-3,177
1,572
0,883
1,806
-2,311
-0,806
-1,954
-0,792
-0,193
-1,071
0,329
2,545
2,277
-0,486
-1,158
2,756
3,908
-0,030
1,603
-2,845
0,675
-0,338
-0,257
-1,952
-1,078
-0,105
-0,256
2,151
1,832
1,930
-2,101
-3,123
1,328
1,136
-2,579
4,262
2,490
0,737
1,522
-2,873
-0,758
-6,381
-0,516
-0,685
0,763
-2,205
0,413
0,928
0,030
0,931
2,939
1,808
1,317
-2,206
-1,903
0,756
3,640
-1,249
2,811
-1,876
1,209
0,959
-2,702
-3,138
-0,874
2,272
1,708
4,025
-2,527
-3,822
-1,359
-0,089
-3,781
-1,176
-0,253
-2,105
-0,148
0,240
1,460
1,049
2,309
4,635
-2,670
0,614
-1,178
-0,810
4,407
-3,659
1,018
-0,158
1,649
-1,478
-1,619
-3,723
-0,730
0,602
-0,643
0,477
-0,118
-1,164
0,001
-2,883
-1,342
1,628
-2,566
0,759
0,207
-0,164
-1,190
0,018
-2,628
-2,669
-0,133
1,378
1,523
0,691
3,045
0,649
0,955
6,549
-0,624
4,670
2,959
-0,944
1,871
0,321
1,610
-1,276
2,478
1,450
-1,431
-2,068
-2,197
2,518
-0,842
1,536
-0,312
1,110
-4,190
-0,025
1,068
-2,238
2,478
-1,580
3,403
1,443
-1,299
-0,102
-1,213
0,269
-2,005
-0,284
4,192
-1,651
1,703
-0,105
2,850
-2,408
-1,872
0,096
-2,198
4,144
1,732
-0,643
0,730
3,832
2,983
-0,195
-3,537
-1,193
3,544
0,435
0,212
4,054
-1,548
1,659
1,751
1,785
4,811
0,448
0,901
2,702
3,253
-0,744
2,680
-1,605
-2,481
-3,217
-0,112
0,413
-0,269
-0,042
-1,402
2,030
1,708
1,276
-0,264
0,239
-1,323
-1,046
0,749
0,210
0,260
-1,914
1,793
-1,029
0,234
0,892
-3,306
1,793
2,432
3,199
-1,332
-2,933
-0,408
-2,910
-0,015
3,631
-2,437
4,466
2,150
-5,105
2,755
-0,353
0,444
-0,236
1,980
3,027
1,345
-0,519
1,414
-0,833
1,476
2,085
-0,395
-0,020
3,260
-2,270
3,215
0,313
1,205
-1,333
-4,442
0,974
0,712
3,497
5,132
1,189
-3,018
-2,286
2,668
-0,059
-1,494
4,209
1,702
-0,978
-0,314
-1,385
-0,862
-0,411
-4,297
-1,281
0,792
1,576
-0,781
-2,874
0,759
1,078
3,513
0,571
3,884
-1,178
1,352
-4,579
1,487
-2,824
3,705
-2,449
1,741
3,366
-2,915
-1,113
-2,373
2,025
-0,987
-1,798
0,842
-3,155
-0,631
2,462
-1,195
0,939
6,649
-0,579
3,491
2,377
0,630
-2,965
0,525
1,112
1,727
0,882
-1,320
1,503
1,383
3,638
-1,835
1,279
3,415
-1,767
-2,178
3,359
-0,544
-1,604
-2,016
-2,700
1,850
-0,560
0,476
-6,455
-2,303
0,600
-1,899
2,264
1,996
-0,037
-0,382
1,215
0,255
1,815
-1,392
-0,116
-0,126
-0,719
-1,036
-4,336
1,822
-1,402
-0,718
0,986
-5,435
-1,151
0,102
1,922
-2,660
2,842
-1,722
2,606
-1,994
0,458
4,671
-0,282
-3,025
0,899
-2,404
-0,753
0,320
2,274
3,803
1,542
-1,762
1,659
2,322
-0,801
1,138
-0,568
-2,298
1,393
2,039
-1,453
1,959
1,429
1,930
-1,848
-2,621
0,785
2,243
-2,280
1,020
2,444
-0,134
2,719
-0,019
-0,878
-4,003
3,965
0,122
-2,593
-0,814
0,076
-0,226
3,802
-2,452
-3,380
-1,420
-2,425
0,395
1,347
-3,489
2,147
-3,377
1,686
1,109
-2,611
-1,946
1,250
0,338
-0,676
0,441
-0,273
0,933
3,504
-1,939
-0,453
-1,977
4,250
0,779
2,689
2,304
-3,132
1,046
0,490
1,258
-4,037
1,358
-1,149
3,587
-1,903
-3,292
-0,171
2,536
-2,909
1,100
-1,554
-3,980
2,173
3,071
-0,208
-1,207
-1,213
0,117
1,585
1,247
-1,736
1,626
-2,484
0,004
3,307
-0,482
-0,209
-0,136
-1,892
1,227
-1,857
2,127
-2,117
-1,866
2,713
3,039
3,231
2,390
-1,053
-5,026
0,979
-5,395
-3,403
-0,272
2,159
-5,019
0,272
-3,285
-0,093
-1,739
-0,328
2,869
-4,546
1,889
0,867
2,635
-3,149
3,868
2,235
-3,197
-0,779
0,422
-0,564
0,308
-1,741
1,886
-3,158
0,100
-2,655
0,317
0,534
-1,157
-0,619
3,208
-2,528
-2,655
-0,160
0,610
6,364
-2,231
-3,657
0,810
5,261
0,360
-1,751
-1,655
0,051
-3,268
3,204
-3,588
-2,334
-1,570
0,575
1,737
-0,391
1,784
0,579
0,547
-0,778
-2,428
-1,467
5,325
0,838
0,538
1,635
-3,789
-3,726
-3,221
-2,995
-0,260
-0,528
-2,913
0,660
-2,040
-0,668
-2,890
-3,151
-2,684
-0,669
-4,016
-1,270
-1,582
-3,100
-1,535
0,176
3,528
-0,006
-0,932
-2,510
-1,783
0,859
-0,260
-2,165
3,029
-2,619
0,144
3,911
3,225
-0,683
-2,969
-1,193
-2,754
-1,066
0,067
0,206
-3,348
1,753
0,144
-1,114
2,912
-0,479
-0,895
3,410
2,251
-1,809
-0,019
-2,433
-1,325
0,324
-2,640
-2,202
-1,660
-2,183
-1,572
-5,243
1,553
0,328
-5,680
0,987
0,435
2,423
1,416
1,469
-0,296
0,220
-0,289
2,472
0,717
2,785
0,023
-0,484
0,288
1,876
-0,745
0,496
1,341
0,492
0,350
2,935
0,502
6,952
-2,564
1,490
7,445
-2,705
0,655
1,682
0,645
1,783
-2,396
1,736
3,052
1,501
-5,140
0,866
0,986
1,335
1,190
-2,412
0,937
0,151
0,991
0,723
0,293
1,692
0,834
2,026
0,726
6,526
2,339
-1,888
-1,661
-2,933
2,690
0,448
3,028
1,357
3,590
1,642
0,467
-2,010
0,036
2,120
-2,893
1,819
1,539
-2,783
-2,271
-3,546
-0,581
0,708
-0,887
1,911
3,136
4,769
1,383
-2,780
-0,362
1,193
3,191
-2,655
-0,283
-3,044
1,380
1,412
1,089
-0,404
-1,286
2,605
2,744
-1,281
1,358
-1,913
0,285
0,254
-0,906
-1,275
-0,504
0,013
2,176
1,116
0,231
-0,608
-1,650
-3,102
-2,870
-2,717
-0,191
-0,566
-1,184
1,484
-1,008
1,971
-0,189
-2,229
3,497
-2,246
4,398
-0,347
-1,681
-2,226
-0,840
-2,665
0,810
-0,208
0,689
1,108
0,689
2,092
-1,982
1,843
3,536
1,594
1,679
1,961
-0,265
-2,489
3,513
-1,206
-2,587
2,255
1,567
-1,470
0,233
0,493
-3,104
1,189
2,355
-1,881
0,997
0,012
3,250
-0,175
5,031
-0,570
4,090
-2,545
-1,729
1,487
-0,490
4,589
2,134
3,703
1,573
1,000
-2,329
-0,870
-1,770
-2,666
-0,778
-0,097
0,207
-3,422
0,881
-0,185
6,758
-2,309
0,664
0,666
4,165
2,011
-2,597
-3,166
-2,105
3,659
3,252
2,211
2,964
1,146
-2,837
4,122
-1,761
-1,653
2,270
-2,244
-1,479
3,063
1,188
-2,406
-1,260
-1,806
-4,069
-0,958
-0,942
-2,134
-1,963
-0,238
3,201
-4,108
2,917
-1,433
0,911
0,255
-2,593
2,616
-1,891
-0,304
2,614
0,949
1,219
1,315
3,277
4,102
4,069
1,669
-0,157
1,202
0,575
-0,398
-1,097
0,546
5,362
2,303
-2,661
-2,771
-0,916
-0,929
0,114
0,805
-0,957
3,781
-0,034
7,488
-1,039
0,499
1,425
-0,562
-1,248
-0,434
-1,884
2,249
-3,020
0,841
2,970
0,834
-2,064
-0,246
-0,851
0,901
-4,780
-2,748
0,462
1,076
1,903
1,641
1,629
3,211
-0,809
-0,990
1,205
-1,424
0,476
-1,777
0,144
1,436
-0,999
0,166
3,271
-4,262
-4,090
2,314
1,807
1,626
0,243
-0,898
0,176
-2,214
-3,774
-0,850
2,691
1,589
-6,490
-0,156
0,056
-0,074
-3,224
-0,704
4,859
2,669
-0,094
-4,961
-2,907
1,400
1,145
-0,291
-1,218
-0,685
2,847
-3,029
0,868
-1,745
-3,943
-1,280
-0,524
0,877
-0,554
-3,187
-0,507
2,729
6,799
1,130
-0,043
4,532
2,925
-2,473
1,334
3,274
0,893
-0,224
5,225
-2,857
-1,868
0,686
-1,626
-0,933
-3,579
3,177
-2,963
0,021
-1,395
-1,090
2,771
1,146
4,480
1,377
-3,642
-0,237
-0,310
0,200
-7,033
-2,715
-3,122
-0,980
2,718
-3,020
-2,120
-1,424
4,325
2,167
2,262
-1,637
-2,215
2,631
1,032
-0,506
0,246
-3,709
-1,575
-0,346
1,332
0,565
0,524
4,149
-1,747
-2,672
-1,974
-2,504
0,977
-1,346
1,590
3,611
2,225
2,691
-1,770
3,487
2,867
4,237
-2,924
-2,526
-2,742
0,988
-1,065
-2,673
0,931
0,170
1,969
2,762
-1,795
1,726
0,306
-2,330
0,450
-2,017
-2,448
1,303
0,229
1,274
-0,794
-1,125
0,855
-0,348
-3,015
-1,607
0,434
-0,078
-0,897
-0,179
3,545
0,617
0,783
1,366
-0,101
2,985
-1,117
0,649
-1,373
0,720
-2,252
2,275
0,437
0,290
-1,625
-3,436
1,180
0,803
-1,779
2,941
-3,279
-1,644
-0,486
-4,008
-2,159
-1,907
-2,611
0,481
1,249
-3,208
0,992
-2,054
0,344
3,386
2,191
-0,943
-0,892
1,617
-3,157
0,132
1,062
1,136
-0,304
1,551
-2,561
-2,517
-0,102
-0,856
-0,897
-1,989
-3,680
-0,721
-4,570
-0,415
1,882
2,978
-3,140
0,227
0,600
1,367
1,603
-0,912
1,785
2,630
-2,707
1,823
1,094
6,838
-0,899
1,161
-1,498
-0,759
-0,789
-1,344
2,517
1,629
-0,111
-2,716
-0,335
-2,539
-5,496
-1,663
-2,897
-2,776
-1,114
-0,122
-0,530
-1,316
-1,276
1,293
-4,228
0,726
-1,510
-0,171
4,414
0,069
-0,510
0,724
0,224
-0,405
-2,868
0,519
1,275
-1,681
-1,264
-0,086
-1,220
2,083
-0,960
-2,286
-0,288
-3,109
-1,832
5,824
-5,198
0,838
1,945
3,078
-1,320
3,512
2,035
-0,681
-0,213
-1,441
-3,112
-2,459
3,571
1,204
3,157
-0,262
-2,118
1,364
0,368
1,553
2,245
1,495
5,603
0,568
1,317
-2,364
-0,389
-4,968
-2,889
2,465
3,344
6,376
0,059
-0,531
-2,981
-1,022
0,115
3,895
-1,672
0,298
1,018
0,584
-1,922
-2,514
-1,727
0,159
0,240
1,570
-2,647
2,930
-5,183
-0,200
-4,010
0,890
-1,979
-4,350
-3,013
1,774
4,172
-0,021
5,773
2,017
-2,416
0,834
-0,746
3,384
-0,515
0,926
-2,820
0,875
0,920
2,647
-0,266
0,685
-1,543
3,460
0,519
2,598
0,022
1,626
-4,904
-1,719
1,196
1,976
0,050
-1,344
-0,114
-0,088
1,550
-0,726
0,113
-0,449
-2,670
-0,540
1,095
0,527
-1,288
4,008
0,116
1,192
0,975
0,822
-4,824
3,228
-0,620
-4,726
0,718
-1,184
-0,435
-2,897
0,137
-1,522
0,327
3,549
1,848
-0,003
0,902
3,057
2,743
-3,859
0,093
-0,495
0,201
-2,783
0,709
1,847
1,201
2,726
2,029
0,489
-0,444
-1,503
1,285
2,230
0,343
-0,893
-2,717
-0,743
-2,252
0,038
-0,639
-1,584
0,031
-0,633
0,377
1,597
1,277
-1,680
-0,842
5,103
-1,615
6,345
-1,563
0,600
1,228
-0,132
-5,014
3,274
2,722
-0,100
1,187
2,236
1,002
2,175
2,257
2,036
-0,761
-1,339
-2,402
-1,971
1,527
-1,180
2,391
0,280
-2,065
2,414
0,681
-1,701
-2,566
1,014
0,897
0,985
2,797
-3,774
-0,902
-2,552
-0,352
4,803
-0,210
-1,145
0,074
-0,076
0,428
0,610
-1,127
0,159
0,014
1,185
-0,047
3,326
-2,423
-1,311
-0,420
0,179
2,586
2,669
0,321
-0,820
-1,406
0,664
1,483
-1,015
1,067
1,918
3,348
-0,798
-1,888
0,044
-0,317
1,656
-3,805
-0,453
3,240
0,362
-2,063
3,774
-2,909
-4,519
0,045
-0,023
0,505
0,843
0,323
-3,576
-2,544
-1,057
-2,499
1,162
2,011
1,624
-0,896
2,071
1,312
0,555
-1,341
-2,025
2,099
0,616
-2,995
-0,305
0,384
1,956
-4,948
1,533
2,661
-3,327
1,592
-1,094
2,641
5,164
3,370
-1,549
1,434
-1,090
-0,572
-0,184
-0,520
2,232
-0,092
3,030
3,518
-4,216
-2,313
-1,774
-1,659
3,626
0,606
-0,121
-0,826
-2,366
-2,036
-2,546
-0,490
-0,599
-0,729
-3,380
-3,495
-1,389
-0,977
-2,420
-2,811
-3,897
2,393
1,226
-0,702
0,987
2,477
0,750
1,436
1,422
2,710
1,308
3,965
-2,838
3,560
1,705
-1,580
-0,342
-1,148
-5,282
-0,346
1,563
1,152
-0,251
-1,736
-0,759
3,928
-4,475
-1,878
-5,564
-0,082
3,449
-0,459
1,931
-0,556
-1,627
0,558
-0,181
-1,671
-1,349
-2,227
4,919
3,703
3,184
-2,895
0,678
0,902
-1,516
1,225
1,845
-0,199
1,503
-0,908
1,234
3,744
-0,157
0,436
-0,142
1,381
-3,631
2,178
-3,757
0,507
0,005
1,575
3,501
0,342
-0,227
1,215
2,302
2,413
-0,811
2,637
-1,532
3,110
3,875
1,594
-2,126
1,738
-0,411
-1,303
-2,089
-2,671
0,422
-2,863
0,925
0,099
-2,823
1,479
-2,655
-0,267
-3,672
1,625
-2,475
-0,839
0,510
0,756
2,833
5,787
0,284
-0,183
2,047
4,255
0,409
-0,805
0,345
2,278
-1,067
1,712
0,081
1,115
2,660
4,103
-3,612
-3,899
-3,291
0,190
4,478
-1,019
-1,131
3,541
-2,759
-2,220
3,609
0,038
0,353
0,672
1,466
-1,210
-2,372
-0,801
-0,393
-3,914
-0,723
1,283
-3,382
1,654
0,422
-4,633
-3,905
1,246
1,289
0,126
1,312
-1,728
1,979
0,240
-0,433
3,402
0,566
2,674
-1,756
-3,515
2,053
1,474
1,729
-1,583
-1,126
-4,484
1,491
2,279
2,854
1,045
-0,091
-1,789
1,643
1,537
-2,867
-5,854
-0,528
4,437
3,578
3,250
-0,833
-6,396
1,513
-0,635
1,269
0,104
-0,762
-0,692
-0,877
1,246
-0,931
1,813
0,165
0,593
-1,873
-2,306
-2,859
0,818
-1,583
0,819
-0,258
1,079
-0,464
-0,354
-0,671
-1,530
-1,234
1,678
-1,486
0,355
-4,058
-1,620
0,702
1,063
-5,226
-4,356
-3,403
3,726
1,175
2,309
4,246
-2,142
-0,073
-1,793
-1,509
-2,261
-2,149
1,186
-0,544
2,441
1,253
0,495
0,359
1,557
-1,191
-2,867
1,506
-0,935
-0,734
-0,864
0,012
-3,954
-0,207
1,016
-5,036
2,298
-3,495
4,576
3,404
4,396
2,495
-1,029
-2,863
0,894
-0,659
5,374
2,909
0,862
1,038
-0,142
1,925
0,178
-3,125
-1,929
-1,066
-3,453
3,484
-1,115
-0,274
-1,881
0,870
-0,634
0,198
-3,437
-1,861
1,678
-1,282
0,271
1,234
1,887
-1,616
-1,202
-1,673
0,599
-1,640
2,866
-0,096
-1,222
-2,853
1,537
-0,274
-2,838
0,195
0,275
-0,164
0,096
2,311
-3,189
2,535
-0,707
4,276
-1,325
-0,366
2,925
2,265
-2,078
3,489
-0,984
2,616
0,266
-0,396
3,987
-3,074
-4,172
0,904
-1,762
7,073
-0,035
1,783
-2,755
5,374
1,501
1,462
-1,107
-0,102
1,569
0,860
-0,732
-0,271
-0,551
-0,403
1,801
-3,960
0,517
0,248
-2,634
-2,643
0,057
1,883
-2,274
0,363
2,961
-1,764
1,460
1,559
-1,421
1,267
3,077
-1,014
1,975
2,799
-0,319
2,520
-1,864
-0,583
3,378
0,560
0,126
0,872
0,537
-1,156
3,747
-0,024
0,534
-1,320
-3,689
-1,058
0,048
-3,072
0,635
-1,306
2,384
0,111
-3,120
2,157
0,993
-1,077
2,208
-2,400
-0,027
-1,862
0,939
-4,535
0,784
-1,391
0,501
2,058
-3,415
1,731
-1,970
1,065
-0,577
-0,388
-1,389
0,103
0,100
2,267
-0,700
1,027
-4,086
2,799
1,908
2,917
-2,487
-1,945
-2,018
-2,660
2,239
-4,266
5,023
1,759
-0,665
1,855
-0,444
2,794
1,733
-0,749
-0,546
0,414
0,320
1,668
-1,705
-1,550
-1,688
3,179
0,537
0,098
0,755
-1,454
-0,032
0,868
-4,630
-0,419
-0,009
0,254
-1,741
1,172
1,474
2,240
0,281
3,973
-1,563
1,231
2,438
-2,524
-2,134
5,128
-1,920
4,652
1,011
-4,202
3,018
-3,236
-0,627
0,910
-0,758
-1,015
4,496
-1,274
0,185
1,637
-3,904
1,585
-1,318
0,566
-1,926
2,737
0,700
3,837
1,174
2,935
-4,228
2,672
-0,610
0,726
1,643
1,705
2,185
0,647
3,076
-3,759
5,593
-0,446
-1,295
-1,328
2,587
2,136
2,081
-0,621
-1,522
-0,053
0,796
-2,580
1,480
-4,842
-1,367
-1,282
-2,861
2,747
-0,194
1,291
1,237
4,260
-2,215
-1,541
-1,107
-0,480
0,444
0,906
-2,623
-4,660
0,076
0,046
-4,578
-1,364
0,029
-1,506
0,572
-0,923
4,436
-2,228
-2,438
-4,431
-0,491
0,453
0,865
-2,173
1,538
0,500
-4,447
-2,040
-1,334
-1,942
-0,397
0,101
3,833
1,710
-1,624
0,936
1,618
-2,793
1,035
2,078
3,457
-2,025
-1,113
-0,784
0,578
0,340
-0,969
-0,296
-0,236
0,531
1,844
1,131
0,412
4,050
0,498
-1,708
0,396
-2,451
0,779
0,053
1,030
1,284
1,585
-0,321
-0,551
-0,886
-1,454
-0,354
-1,233
-3,070
-0,671
-0,886
-0,681
0,404
-3,128
-0,962
-0,711
-0,341
1,544
0,852
0,989
3,291
2,306
-1,679
2,644
1,136
0,327
2,670
2,806
-0,141
3,632
-0,654
0,862
-0,776
-3,574
-3,127
-0,305
2,536
3,684
-4,695
-3,871
1,668
2,131
-2,279
-0,639
1,387
-1,736
0,013
2,339
0,122
-2,671
-3,180
0,481
2,164
4,154
-1,437
-4,518
0,227
-1,037
1,413
-0,206
-1,333
-1,169
-3,794
0,882
-0,823
2,143
0,773
-1,968
3,206
-0,344
0,272
0,100
-0,308
0,339
-0,524
2,312
0,106
-4,463
-1,069
1,199
3,127
2,784
-1,590
-3,114
-2,461
-1,681
-0,419
-0,553
1,649
-1,589
4,185
-2,712
0,122
0,956
0,362
-0,685
5,896
0,236
-4,060
-3,115
-0,368
0,401
2,676
2,514
4,843
0,794
3,328
0,986
-0,662
1,923
-3,511
0,322
1,620
-4,174
-2,105
-0,977
-0,667
0,641
-0,053
-2,187
1,231
-0,154
1,412
2,820
1,304
-2,148
-0,778
-1,773
-2,879
-2,169
4,118
1,943
-0,081
-0,978
-5,189
1,116
-2,114
0,049
-0,858
3,747
-0,498
2,767
0,905
2,403
1,944
0,843
1,253
-0,721
-0,594
-0,755
1,792
0,110
-0,260
0,400
2,414
-2,254
-1,050
2,591
2,361
-1,249
-0,958
-0,893
1,338
-0,605
-1,607
-3,589
-1,178
0,175
1,281
-0,567
-1,730
-0,728
2,466
-2,097
-0,228
1,315
-2,197
0,425
2,516
-1,553
-2,255
6,208
0,159
0,939
-0,631
0,898
-0,504
0,615
-3,216
1,083
-2,709
-2,693
-0,261
-4,261
2,288
2,309
-3,638
4,506
-1,589
0,518
3,748
2,763
0,669
5,645
-0,651
0,566
-2,722
-1,645
2,230
2,677
-0,141
1,055
-0,255
1,066
0,936
2,509
-1,198
-3,554
1,012
0,413
0,975
1,068
1,715
1,811
3,103
-4,651
-0,916
-3,100
2,853
1,351
0,142
1,420
-1,691
1,905
1,695
4,081
2,545
-0,645
0,391
0,674
-1,453
0,229
-1,167
0,686
0,451
-1,940
-4,025
-0,153
-0,871
-3,172
1,087
0,077
-3,625
-0,951
-0,844
-1,929
3,129
-0,332
-3,959
2,253
5,179
-0,004
-0,451
0,276
-2,682
-1,822
4,772
-1,134
0,617
0,484
2,286
-1,733
-0,412
0,746
0,986
-3,588
-1,824
-2,805
1,829
-2,142
-0,148
1,218
0,950
1,311
0,960
-2,646
-1,499
0,270
-0,564
2,334
-1,192
0,884
4,438
-3,042
3,000
-0,897
3,215
3,915
-2,867
-3,510
-1,438
-0,864
1,744
-1,420
0,046
-0,337
1,200
-3,459
-0,548
-0,331
2,689
2,020
0,900
3,376
-0,781
-1,099
-0,650
-1,621
-0,732
1,606
-0,898
3,139
-3,044
1,970
-2,855
-0,282
1,539
1,418
3,193
-0,694
-3,881
-3,355
-0,733
2,860
-1,228
-0,990
0,784
0,940
-0,658
1,266
0,526
2,433
0,479
1,488
-0,017
-1,315
0,866
3,690
-1,799
-2,941
1,116
2,162
-1,657
-1,465
4,068
1,748
1,419
-1,554
-0,581
1,263
-1,583
3,224
-3,852
-1,591
-1,551
2,339
-0,252
-0,422
-0,730
-2,627
-0,967
-0,026
-2,000
1,413
-2,058
0,862
-0,036
-0,095
-1,950
-2,170
-1,900
0,516
-0,390
0,707
0,965
-1,282
-1,069
-3,561
0,216
5,097
-0,216
-0,476
0,589
1,950
-4,990
4,298
-5,705
1,189
1,348
0,291
0,296
-2,633
1,219
-0,500
-1,788
-3,378
-0,639
2,854
-3,068
-3,480
1,429
-1,558
4,431
0,509
3,168
0,547
1,890
-1,526
2,157
2,963
1,070
-0,287
2,565
-1,813
1,487
-1,490
3,321
-3,824
2,109
1,428
-1,815
-2,359
0,034
-1,854
-3,415
1,056
-2,766
1,484
2,621
-1,740
1,202
-1,129
2,856
-2,014
-0,968
-0,055
-1,086
1,873
-0,287
-1,451
3,189
4,765
-0,296
0,144
1,265
0,282
3,775
-0,157
-0,097
2,152
-2,342
-1,125
-3,464
3,609
-0,392
-0,864
-2,761
1,443
4,849
-0,978
1,148
-1,404
0,733
-4,723
-1,898
-0,699
-0,235
2,080
1,054
0,109
-3,291
-2,390
-3,457
-1,837
2,826
-3,360
0,730
2,441
0,710
-6,466
-0,847
-1,346
1,111
0,140
-2,385
2,030
-2,233
3,850
-2,296
0,356
1,238
-1,060
2,789
0,915
0,491
-1,830
0,603
0,492
0,138
0,315
-1,521
-0,279
2,218
2,453
0,789
-1,428
-0,353
1,804
1,751
-5,215
0,422
1,222
0,742
-1,432
3,029
1,042
0,359
-0,945
-2,848
-2,321
-4,650
0,427
2,280
-1,313
0,033
-0,910
-1,035
-1,228
2,622
-4,807
0,023
0,392
-0,228
3,778
-2,018
0,081
0,394
2,408
-3,962
-2,133
-1,192
-0,895
0,688
-1,772
1,384
-0,701
-0,378
1,726
-0,617
-2,900
1,572
-2,385
0,255
0,999
-0,490
1,929
3,470
2,747
0,436
5,043
0,161
1,400
-3,656
-1,511
2,350
-0,733
3,001
-1,708
-2,279
1,161
-2,642
2,251
-3,372
-2,507
-3,048
0,881
1,796
0,771
2,252
1,943
1,386
-1,369
-0,785
-1,890
-1,550
1,814
-0,478
0,996
-3,320
-1,204
-0,837
2,276
-0,481
-3,925
0,278
1,982
-1,832
-3,808
0,186
6,328
1,764
-5,304
-2,023
-1,349
-2,283
0,200
-0,374
0,991
-0,893
-0,514
0,441
-0,159
0,535
2,958
2,291
0,290
4,315
4,717
-0,012
-1,103
-0,919
-1,148
0,650
-3,744
-2,385
2,064
1,811
-0,068
-1,263
-1,815
0,212
-2,108
0,757
-0,131
8,840
-3,281
-2,912
2,033
-1,706
0,961
1,683
-5,014
-0,793
-2,300
1,341
-0,356
0,140
0,134
-1,871
-1,187
1,097
0,723
0,570
4,960
2,005
1,445
-4,221
-1,003
-2,693
1,949
1,079
-0,398
-0,596
2,365
-2,072
4,239
3,046
1,518
0,015
-0,702
0,338
-1,152
-1,980
-0,233
-1,515
-1,595
-2,948
-4,016
-2,741
1,598
-4,326
1,148
-2,825
2,076
-2,530
-0,633
-4,304
-3,923
2,325
-0,081
1,218
0,252
-1,945
0,412
1,688
1,642
0,493
-4,861
-2,816
2,521
0,216
3,552
-1,171
-4,071
-2,135
-6,254
-1,186
-1,254
2,410
-1,738
-4,374
-3,495
-0,758
-2,619
-1,362
-2,035
-4,500
-2,263
-1,226
-1,286
-2,350
1,029
0,076
0,950
-2,576
-0,931
1,174
2,403
0,286
-0,993
1,714
1,872
1,540
-0,139
-1,117
-1,314
-4,581
-2,019
0,701
0,200
0,914
0,135
-1,438
-1,700
-3,258
0,722
-0,041
1,677
0,051
-0,587
0,185
-2,494
-1,361
-3,065
2,262
1,869
-0,186
0,169
1,519
0,227
0,691
-3,118
3,708
-0,810
-2,301
-2,249
1,009
0,881
-0,354
-0,687
-1,622
0,591
-1,240
-1,291
2,708
-3,853
-1,750
-0,205
-1,839
-0,850
-0,407
1,294
-0,316
4,042
2,007
-1,794
0,238
-3,004
0,793
-0,041
4,138
-2,922
0,154
0,299
1,174
-3,392
-0,482
-1,454
-6,808
2,376
0,967
-0,080
-0,682
1,632
0,493
-1,598
1,478
1,471
-0,451
-0,514
5,129
-3,350
-0,811
1,167
2,003
2,194
-4,065
-2,864
-1,328
-0,922
1,907
0,446
0,000
-0,722
1,014
-0,048
0,084
-3,160
3,450
-2,650
1,951
0,697
1,248
-0,985
1,221
0,072
2,749
-1,296
0,896
-0,327
-2,330
0,238
-0,104
-5,949
0,481
2,988
-2,832
3,840
0,400
-0,328
-2,986
1,424
-1,634
2,461
2,458
1,652
-0,067
-0,008
-0,543
2,384
-3,485
4,233
1,873
0,417
4,226
-4,466
-0,486
-0,852
-0,066
1,596
0,459
1,032
2,345
-0,887
-2,852
-4,046
-1,539
-1,708
0,784
-3,889
2,937
2,847
2,641
-0,171
1,837
-1,289
-2,477
4,971
-1,431
1,195
-1,086
1,676
4,812
-1,180
-1,776
-0,504
0,513
0,272
0,297
1,518
-0,294
3,923
-0,772
-1,698
1,467
1,963
2,384
-1,007
-3,447
-1,245
0,928
1,561
-0,290
-0,291
-0,753
-0,576
-0,941
1,886
0,931
3,711
-3,644
1,388
-1,160
0,769
-2,084
-2,720
-1,443
1,323
1,474
-0,364
-1,250
0,852
-0,420
-3,727
-0,403
0,219
-4,647
0,225
1,647
0,610
3,246
-0,606
3,652
-1,608
-0,358
-1,322
-1,977
1,361
0,894
3,722
-4,820
-1,100
0,538
-0,608
4,063
0,136
-2,085
2,203
-0,780
1,566
1,745
0,792
-2,101
2,132
-2,881
-3,414
3,064
4,686
5,331
0,640
-1,855
3,058
0,564
-0,142
-0,268
-2,639
-0,317
-1,332
-4,176
0,370
1,561
0,237
2,519
0,761
1,804
-1,249
0,378
2,495
0,560
0,437
-1,595
-0,159
-0,118
0,105
1,092
2,765
-0,006
